created_at,email,userid
2026-05-31 12:04:21.876,player12@gmail.com,1gJPPFrwADbPzDMNxwIhKHuCPWv1
2026-05-31 10:53:51.276,player10@gmail.com,40f1uksF5kYFvJ5WxoYBzlBCfBE2
2026-05-31 04:26:14.930,player5@gmail.com,EOOUznHcdYM3B5Eu7H7303gt3Nl1
2026-05-31 04:01:29.650,player3@gmail.com,Phcnngo3Fddhr78h6wLbEE8qeW22
2026-05-31 11:01:42.996,player11@gmail.com,VYZqyGu79USyXvpxpxWmk0lxnAE3
2026-05-31 11:08:28.965,player7@gmail.com,aUwWXivyj0VBPP4fmL3STw6ydC83
2026-05-31 08:45:56.841,player4@gmail.com,cx0jXpRTPFb30Gsm6QOvt3Hh6KJ3
2026-05-31 10:15:07.403,player6@gmail.com,dhiHXvJmYgaNYeeE3QVoo77dMwf1
2026-05-31 11:27:00.858,player13@gmail.com,sjbR7vKNWOfZzrhOxDyyO257XKZ2
2026-05-31 10:45:45.684,player9@gmail.com,vYmu30ZTOHbjiC4mPuaw73q6pZf1
2026-05-31 11:52:39.441,player8@gmail.com,vroJdrAh69TH16ZpHxlCqeIplRw1
