end_time,is_completed,player_id,session_id,start_time,total_playtime_seconds,traces,final_SCORE_COMMUNITY_WARNING,final_SCORE_HELP_SEEKING,final_SCORE_INFORMATION_VERIFICATION,final_SCORE_PRESSURE_RESISTANCE,final_SCORE_RISK_RECOGNITION,email
2026-05-31 10:12:05.581,False,dhiHXvJmYgaNYeeE3QVoo77dMwf1,1d326bc28e284f6f8fb09faf60f2548a,2026-05-31 10:12:00.474,5.107,,58.0,85.0,87.0,74.0,76.0,player6@gmail.com
2026-05-31 11:11:29.933,True,vYmu30ZTOHbjiC4mPuaw73q6pZf1,1fb026953dc846bc97dd4e7d57f23e00,2026-05-31 10:45:54.262,1535.671,"[{'choice_id': '1', 'milestone_id': '0', 'object_name': 'm0_email_checkin', 'route_id': 'CH1_M0_R0_BB_1', 'score_state': {'SCORE_COMMUNITY_WARNING': 50, 'SCORE_HELP_SEEKING': 50, 'SCORE_INFORMATION_VERIFICATION': 50, 'SCORE_PRESSURE_RESISTANCE': 50, 'SCORE_RISK_RECOGNITION': 50}, 'timestamp': 1780224402748, 'trace_id': 'TRACE_READ_RELEVANT_INFO'}, {'choice_id': '1', 'milestone_id': '0', 'object_name': 'm0_guard', 'route_id': 'CH1_M0_R0_BB_3', 'score_state': {'SCORE_COMMUNITY_WARNING': 50, 'SCORE_HELP_SEEKING': 50, 'SCORE_INFORMATION_VERIFICATION': 52, 'SCORE_PRESSURE_RESISTANCE': 50, 'SCORE_RISK_RECOGNITION': 50}, 'timestamp': 1780224486665, 'trace_id': 'TRACE_ASK_PERSON'}, {'choice_id': '1', 'milestone_id': '0', 'object_name': 'm0_linh_askgroup', 'route_id': 'CH1_M0_R0_BB_4', 'score_state': {'SCORE_COMMUNITY_WARNING': 50, 'SCORE_HELP_SEEKING': 55, 'SCORE_INFORMATION_VERIFICATION': 54, 'SCORE_PRESSURE_RESISTANCE': 50, 'SCORE_RISK_RECOGNITION': 50}, 'timestamp': 1780224637397, 'trace_id': 'TRACE_ASK_PERSON'}, {'choice_id': '2', 'milestone_id': '0', 'object_name': 'm1_roommate_askdoc', 'route_id': 'CH1_M0_R0_BB_13', 'score_state': {'SCORE_COMMUNITY_WARNING': 50, 'SCORE_HELP_SEEKING': 60, 'SCORE_INFORMATION_VERIFICATION': 56, 'SCORE_PRESSURE_RESISTANCE': 50, 'SCORE_RISK_RECOGNITION': 50}, 'timestamp': 1780225166096, 'trace_id': 'TRACE_ASK_PERSON'}, {'choice_id': '1', 'milestone_id': '1', 'object_name': 'm1_link_freedoc', 'route_id': 'CH1_M1_R2_BB_2', 'score_state': {'SCORE_COMMUNITY_WARNING': 50, 'SCORE_HELP_SEEKING': 65, 'SCORE_INFORMATION_VERIFICATION': 58, 'SCORE_PRESSURE_RESISTANCE': 50, 'SCORE_RISK_RECOGNITION': 50}, 'timestamp': 1780225241443, 'trace_id': 'TRACE_OPEN_UNVERIFIED_LINK'}, {'choice_id': '3', 'milestone_id': '1', 'object_name': 'm2_shipper_call', 'route_id': 'CH1_M1_R0_BB_3', 'score_state': {'SCORE_COMMUNITY_WARNING': 50, 'SCORE_HELP_SEEKING': 65, 'SCORE_INFORMATION_VERIFICATION': 54, 'SCORE_PRESSURE_RESISTANCE': 50, 'SCORE_RISK_RECOGNITION': 48}, 'timestamp': 1780225437900, 'trace_id': 'TRACE_ASK_PERSON'}, {'choice_id': '2', 'milestone_id': '2', 'object_name': 'm2_shipper_call', 'route_id': 'CH1_M2_TC_1', 'score_state': {'SCORE_COMMUNITY_WARNING': 50, 'SCORE_HELP_SEEKING': 70, 'SCORE_INFORMATION_VERIFICATION': 56, 'SCORE_PRESSURE_RESISTANCE': 50, 'SCORE_RISK_RECOGNITION': 48}, 'timestamp': 1780225466794, 'trace_id': 'TRACE_DELAY_ACTION'}, {'choice_id': '2', 'milestone_id': '2', 'object_name': 'm2_shipper_call', 'route_id': 'CH1_M2_R2_BB_1', 'score_state': {'SCORE_COMMUNITY_WARNING': 50, 'SCORE_HELP_SEEKING': 70, 'SCORE_INFORMATION_VERIFICATION': 59, 'SCORE_PRESSURE_RESISTANCE': 56, 'SCORE_RISK_RECOGNITION': 48}, 'timestamp': 1780225489265, 'trace_id': 'TRACE_REFUSE_RISKY_REQUEST'}, {'choice_id': '1', 'milestone_id': '2', 'object_name': 'm2_app_checkorder', 'route_id': 'CH1_M2_R2_BB_2', 'score_state': {'SCORE_COMMUNITY_WARNING': 50, 'SCORE_HELP_SEEKING': 70, 'SCORE_INFORMATION_VERIFICATION': 62, 'SCORE_PRESSURE_RESISTANCE': 62, 'SCORE_RISK_RECOGNITION': 53}, 'timestamp': 1780225494918, 'trace_id': 'TRACE_INSPECT_SOURCE'}, {'choice_id': '3', 'milestone_id': '2', 'object_name': 'm3_namchat_borrowmoney', 'route_id': 'CH1_M2_R0_BB_3', 'score_state': {'SCORE_COMMUNITY_WARNING': 50, 'SCORE_HELP_SEEKING': 70, 'SCORE_INFORMATION_VERIFICATION': 67, 'SCORE_PRESSURE_RESISTANCE': 62, 'SCORE_RISK_RECOGNITION': 56}, 'timestamp': 1780225560734, 'trace_id': 'TRACE_DETECT_RED_FLAG'}, {'choice_id': '3', 'milestone_id': '3', 'object_name': 'm3_namchat_borrowmoney', 'route_id': 'CH1_M3_TC_1', 'score_state': {'SCORE_COMMUNITY_WARNING': 50, 'SCORE_HELP_SEEKING': 70, 'SCORE_INFORMATION_VERIFICATION': 70, 'SCORE_PRESSURE_RESISTANCE': 62, 'SCORE_RISK_RECOGNITION': 63}, 'timestamp': 1780225582593, 'trace_id': 'TRACE_REFUSE_RISKY_REQUEST'}, {'choice_id': '1', 'milestone_id': '3', 'object_name': 'm3_namchat_Mai', 'route_id': 'CH1_M3_TC_2', 'score_state': {'SCORE_COMMUNITY_WARNING': 50, 'SCORE_HELP_SEEKING': 70, 'SCORE_INFORMATION_VERIFICATION': 73, 'SCORE_PRESSURE_RESISTANCE': 68, 'SCORE_RISK_RECOGNITION': 68}, 'timestamp': 1780225590735, 'trace_id': 'TRACE_ASK_PERSON'}, {'choice_id': '2', 'milestone_id': '3', 'object_name': 'm3_classgroup', 'route_id': 'CH1_M3_R0_BB_2', 'score_state': {'SCORE_COMMUNITY_WARNING': 50, 'SCORE_HELP_SEEKING': 75, 'SCORE_INFORMATION_VERIFICATION': 75, 'SCORE_PRESSURE_RESISTANCE': 68, 'SCORE_RISK_RECOGNITION': 68}, 'timestamp': 1780225620335, 'trace_id': 'TRACE_WARN_OTHERS'}, {'choice_id': '3', 'milestone_id': '3', 'object_name': 'm4_email_scholarship_askroomate', 'route_id': 'CH1_M3_R0_BB_5', 'score_state': {'SCORE_COMMUNITY_WARNING': 58, 'SCORE_HELP_SEEKING': 75, 'SCORE_INFORMATION_VERIFICATION': 75, 'SCORE_PRESSURE_RESISTANCE': 68, 'SCORE_RISK_RECOGNITION': 68}, 'timestamp': 1780225801404, 'trace_id': 'TRACE_ASK_PERSON'}, {'choice_id': '1', 'milestone_id': '4', 'object_name': 'm4_email_scholarship', 'route_id': 'CH1_M4_R3_BB_1', 'score_state': {'SCORE_COMMUNITY_WARNING': 58, 'SCORE_HELP_SEEKING': 80, 'SCORE_INFORMATION_VERIFICATION': 77, 'SCORE_PRESSURE_RESISTANCE': 68, 'SCORE_RISK_RECOGNITION': 68}, 'timestamp': 1780225816619, 'trace_id': 'TRACE_INSPECT_SOURCE'}, {'choice_id': '2', 'milestone_id': '4', 'object_name': 'm4_email_scholarship', 'route_id': 'CH1_M4_R3_BB_2', 'score_state': {'SCORE_COMMUNITY_WARNING': 58, 'SCORE_HELP_SEEKING': 80, 'SCORE_INFORMATION_VERIFICATION': 82, 'SCORE_PRESSURE_RESISTANCE': 68, 'SCORE_RISK_RECOGNITION': 71}, 'timestamp': 1780225825163, 'trace_id': 'TRACE_REFUSE_RISKY_REQUEST'}, {'choice_id': '1', 'milestone_id': '4', 'object_name': 'm4_classgroup', 'route_id': 'CH1_M4_R0_BB_0', 'score_state': {'SCORE_COMMUNITY_WARNING': 58, 'SCORE_HELP_SEEKING': 80, 'SCORE_INFORMATION_VERIFICATION': 85, 'SCORE_PRESSURE_RESISTANCE': 74, 'SCORE_RISK_RECOGNITION': 76}, 'timestamp': 1780225837005, 'trace_id': 'TRACE_WARN_OTHERS'}]",66.0,75.0,68.0,54.0,62.0,player9@gmail.com
2026-05-31 11:28:46.602,True,VYZqyGu79USyXvpxpxWmk0lxnAE3,4943e96963484c518a7a89e411957f59,2026-05-31 11:02:01.304,1605.298,"[{'choice_id': '1', 'milestone_id': '0', 'object_name': 'm0_email_checkin', 'route_id': 'CH1_M0_R0_BB_1', 'score_state': {'SCORE_COMMUNITY_WARNING': 50, 'SCORE_HELP_SEEKING': 50, 'SCORE_INFORMATION_VERIFICATION': 50, 'SCORE_PRESSURE_RESISTANCE': 50, 'SCORE_RISK_RECOGNITION': 50}, 'timestamp': 1780225352486, 'trace_id': 'TRACE_READ_RELEVANT_INFO'}, {'choice_id': '1', 'milestone_id': '0', 'object_name': 'm0_guard', 'route_id': 'CH1_M0_R0_BB_3', 'score_state': {'SCORE_COMMUNITY_WARNING': 50, 'SCORE_HELP_SEEKING': 50, 'SCORE_INFORMATION_VERIFICATION': 52, 'SCORE_PRESSURE_RESISTANCE': 50, 'SCORE_RISK_RECOGNITION': 50}, 'timestamp': 1780225530841, 'trace_id': 'TRACE_ASK_PERSON'}, {'choice_id': '1', 'milestone_id': '0', 'object_name': 'm0_linh_askgroup', 'route_id': 'CH1_M0_R0_BB_4', 'score_state': {'SCORE_COMMUNITY_WARNING': 50, 'SCORE_HELP_SEEKING': 55, 'SCORE_INFORMATION_VERIFICATION': 54, 'SCORE_PRESSURE_RESISTANCE': 50, 'SCORE_RISK_RECOGNITION': 50}, 'timestamp': 1780225650454, 'trace_id': 'TRACE_ASK_PERSON'}, {'choice_id': '2', 'milestone_id': '0', 'object_name': 'm1_roommate_askdoc', 'route_id': 'CH1_M0_R0_BB_13', 'score_state': {'SCORE_COMMUNITY_WARNING': 50, 'SCORE_HELP_SEEKING': 60, 'SCORE_INFORMATION_VERIFICATION': 56, 'SCORE_PRESSURE_RESISTANCE': 50, 'SCORE_RISK_RECOGNITION': 50}, 'timestamp': 1780226246822, 'trace_id': 'TRACE_ASK_PERSON'}, {'choice_id': '1', 'milestone_id': '1', 'object_name': 'm1_link_freedoc', 'route_id': 'CH1_M1_R2_BB_2', 'score_state': {'SCORE_COMMUNITY_WARNING': 50, 'SCORE_HELP_SEEKING': 65, 'SCORE_INFORMATION_VERIFICATION': 58, 'SCORE_PRESSURE_RESISTANCE': 50, 'SCORE_RISK_RECOGNITION': 50}, 'timestamp': 1780226266535, 'trace_id': 'TRACE_OPEN_UNVERIFIED_LINK'}, {'choice_id': '3', 'milestone_id': '1', 'object_name': 'm2_shipper_call', 'route_id': 'CH1_M1_R0_BB_3', 'score_state': {'SCORE_COMMUNITY_WARNING': 50, 'SCORE_HELP_SEEKING': 65, 'SCORE_INFORMATION_VERIFICATION': 54, 'SCORE_PRESSURE_RESISTANCE': 50, 'SCORE_RISK_RECOGNITION': 48}, 'timestamp': 1780226528679, 'trace_id': 'TRACE_ASK_PERSON'}, {'choice_id': '2', 'milestone_id': '2', 'object_name': 'm2_shipper_call', 'route_id': 'CH1_M2_TC_1', 'score_state': {'SCORE_COMMUNITY_WARNING': 50, 'SCORE_HELP_SEEKING': 70, 'SCORE_INFORMATION_VERIFICATION': 56, 'SCORE_PRESSURE_RESISTANCE': 50, 'SCORE_RISK_RECOGNITION': 48}, 'timestamp': 1780226560529, 'trace_id': 'TRACE_DELAY_ACTION'}, {'choice_id': '2', 'milestone_id': '2', 'object_name': 'm2_shipper_call', 'route_id': 'CH1_M2_R2_BB_1', 'score_state': {'SCORE_COMMUNITY_WARNING': 50, 'SCORE_HELP_SEEKING': 70, 'SCORE_INFORMATION_VERIFICATION': 59, 'SCORE_PRESSURE_RESISTANCE': 56, 'SCORE_RISK_RECOGNITION': 48}, 'timestamp': 1780226584385, 'trace_id': 'TRACE_REFUSE_RISKY_REQUEST'}, {'choice_id': '1', 'milestone_id': '2', 'object_name': 'm2_app_checkorder', 'route_id': 'CH1_M2_R2_BB_2', 'score_state': {'SCORE_COMMUNITY_WARNING': 50, 'SCORE_HELP_SEEKING': 70, 'SCORE_INFORMATION_VERIFICATION': 62, 'SCORE_PRESSURE_RESISTANCE': 62, 'SCORE_RISK_RECOGNITION': 53}, 'timestamp': 1780226590932, 'trace_id': 'TRACE_INSPECT_SOURCE'}, {'choice_id': '3', 'milestone_id': '2', 'object_name': 'm3_namchat_borrowmoney', 'route_id': 'CH1_M2_R0_BB_3', 'score_state': {'SCORE_COMMUNITY_WARNING': 50, 'SCORE_HELP_SEEKING': 70, 'SCORE_INFORMATION_VERIFICATION': 67, 'SCORE_PRESSURE_RESISTANCE': 62, 'SCORE_RISK_RECOGNITION': 56}, 'timestamp': 1780226652464, 'trace_id': 'TRACE_DETECT_RED_FLAG'}, {'choice_id': '2', 'milestone_id': '3', 'object_name': 'm3_namchat_roomate', 'route_id': 'CH1_M3_TC_1', 'score_state': {'SCORE_COMMUNITY_WARNING': 50, 'SCORE_HELP_SEEKING': 70, 'SCORE_INFORMATION_VERIFICATION': 70, 'SCORE_PRESSURE_RESISTANCE': 62, 'SCORE_RISK_RECOGNITION': 63}, 'timestamp': 1780226672038, 'trace_id': 'TRACE_ASK_PERSON'}, {'choice_id': '1', 'milestone_id': '3', 'object_name': 'm3_namchat_Mai', 'route_id': 'CH1_M3_R2_BB_1', 'score_state': {'SCORE_COMMUNITY_WARNING': 50, 'SCORE_HELP_SEEKING': 75, 'SCORE_INFORMATION_VERIFICATION': 72, 'SCORE_PRESSURE_RESISTANCE': 62, 'SCORE_RISK_RECOGNITION': 63}, 'timestamp': 1780226690586, 'trace_id': 'TRACE_ASK_PERSON'}, {'choice_id': '2', 'milestone_id': '3', 'object_name': 'm3_namchat_borrowmoney', 'route_id': 'CH1_M3_R2_BB_1_A', 'score_state': {'SCORE_COMMUNITY_WARNING': 50, 'SCORE_HELP_SEEKING': 80, 'SCORE_INFORMATION_VERIFICATION': 74, 'SCORE_PRESSURE_RESISTANCE': 62, 'SCORE_RISK_RECOGNITION': 63}, 'timestamp': 1780226702689, 'trace_id': 'TRACE_REFUSE_RISKY_REQUEST'}, {'choice_id': '2', 'milestone_id': '3', 'object_name': 'm3_classgroup', 'route_id': 'CH1_M3_R0_BB_2', 'score_state': {'SCORE_COMMUNITY_WARNING': 50, 'SCORE_HELP_SEEKING': 80, 'SCORE_INFORMATION_VERIFICATION': 77, 'SCORE_PRESSURE_RESISTANCE': 68, 'SCORE_RISK_RECOGNITION': 68}, 'timestamp': 1780226737493, 'trace_id': 'TRACE_WARN_OTHERS'}, {'choice_id': '3', 'milestone_id': '3', 'object_name': 'm4_email_scholarship_askroomate', 'route_id': 'CH1_M3_R0_BB_5', 'score_state': {'SCORE_COMMUNITY_WARNING': 58, 'SCORE_HELP_SEEKING': 80, 'SCORE_INFORMATION_VERIFICATION': 77, 'SCORE_PRESSURE_RESISTANCE': 68, 'SCORE_RISK_RECOGNITION': 68}, 'timestamp': 1780226775159, 'trace_id': 'TRACE_ASK_PERSON'}, {'choice_id': '1', 'milestone_id': '4', 'object_name': 'm4_email_scholarship', 'route_id': 'CH1_M4_R3_BB_1', 'score_state': {'SCORE_COMMUNITY_WARNING': 58, 'SCORE_HELP_SEEKING': 85, 'SCORE_INFORMATION_VERIFICATION': 79, 'SCORE_PRESSURE_RESISTANCE': 68, 'SCORE_RISK_RECOGNITION': 68}, 'timestamp': 1780226862137, 'trace_id': 'TRACE_INSPECT_SOURCE'}, {'choice_id': '2', 'milestone_id': '4', 'object_name': 'm4_email_scholarship', 'route_id': 'CH1_M4_R3_BB_2', 'score_state': {'SCORE_COMMUNITY_WARNING': 58, 'SCORE_HELP_SEEKING': 85, 'SCORE_INFORMATION_VERIFICATION': 84, 'SCORE_PRESSURE_RESISTANCE': 68, 'SCORE_RISK_RECOGNITION': 71}, 'timestamp': 1780226879349, 'trace_id': 'TRACE_REFUSE_RISKY_REQUEST'}]",50.0,50.0,50.0,50.0,50.0,player11@gmail.com
2026-05-31 11:14:40.951,True,40f1uksF5kYFvJ5WxoYBzlBCfBE2,49c815d91834424d88c57e1bd5ace9e0,2026-05-31 10:53:52.725,1248.226,"[{'choice_id': '1', 'milestone_id': '0', 'object_name': 'm0_email_checkin', 'route_id': 'CH1_M0_R0_BB_1', 'score_state': {'SCORE_COMMUNITY_WARNING': 50, 'SCORE_HELP_SEEKING': 50, 'SCORE_INFORMATION_VERIFICATION': 50, 'SCORE_PRESSURE_RESISTANCE': 50, 'SCORE_RISK_RECOGNITION': 50}, 'timestamp': 1780224973370, 'trace_id': 'TRACE_READ_RELEVANT_INFO'}, {'choice_id': '1', 'milestone_id': '0', 'object_name': 'm0_guard', 'route_id': 'CH1_M0_R0_BB_3', 'score_state': {'SCORE_COMMUNITY_WARNING': 50, 'SCORE_HELP_SEEKING': 50, 'SCORE_INFORMATION_VERIFICATION': 52, 'SCORE_PRESSURE_RESISTANCE': 50, 'SCORE_RISK_RECOGNITION': 50}, 'timestamp': 1780225544569, 'trace_id': 'TRACE_ASK_PERSON'}, {'choice_id': '1', 'milestone_id': '0', 'object_name': 'm0_linh_askgroup', 'route_id': 'CH1_M0_R0_BB_4', 'score_state': {'SCORE_COMMUNITY_WARNING': 50, 'SCORE_HELP_SEEKING': 55, 'SCORE_INFORMATION_VERIFICATION': 54, 'SCORE_PRESSURE_RESISTANCE': 50, 'SCORE_RISK_RECOGNITION': 50}, 'timestamp': 1780225614932, 'trace_id': 'TRACE_ASK_PERSON'}, {'choice_id': '3', 'milestone_id': '0', 'object_name': 'm1_link_freedoc', 'route_id': 'CH1_M0_R0_BB_13', 'score_state': {'SCORE_COMMUNITY_WARNING': 50, 'SCORE_HELP_SEEKING': 60, 'SCORE_INFORMATION_VERIFICATION': 56, 'SCORE_PRESSURE_RESISTANCE': 50, 'SCORE_RISK_RECOGNITION': 50}, 'timestamp': 1780225787414, 'trace_id': 'TRACE_INSPECT_SOURCE'}, {'choice_id': '1', 'milestone_id': '1', 'object_name': 'm2_shipper_call', 'route_id': 'CH1_M1_R0_BB_3', 'score_state': {'SCORE_COMMUNITY_WARNING': 50, 'SCORE_HELP_SEEKING': 60, 'SCORE_INFORMATION_VERIFICATION': 61, 'SCORE_PRESSURE_RESISTANCE': 50, 'SCORE_RISK_RECOGNITION': 53}, 'timestamp': 1780225872168, 'trace_id': 'TRACE_TRANSFER_MONEY'}, {'choice_id': '1', 'milestone_id': '2', 'object_name': 'm2_app_checkorder', 'route_id': 'CH1_M2_R1_BB_3', 'score_state': {'SCORE_COMMUNITY_WARNING': 50, 'SCORE_HELP_SEEKING': 60, 'SCORE_INFORMATION_VERIFICATION': 46, 'SCORE_PRESSURE_RESISTANCE': 42, 'SCORE_RISK_RECOGNITION': 46}, 'timestamp': 1780225962234, 'trace_id': 'TRACE_INSPECT_SOURCE'}, {'choice_id': '2', 'milestone_id': '2', 'object_name': 'm3_namchat_askroomate', 'route_id': 'CH1_M2_R0_BB_3', 'score_state': {'SCORE_COMMUNITY_WARNING': 50, 'SCORE_HELP_SEEKING': 60, 'SCORE_INFORMATION_VERIFICATION': 51, 'SCORE_PRESSURE_RESISTANCE': 42, 'SCORE_RISK_RECOGNITION': 49}, 'timestamp': 1780225991679, 'trace_id': 'TRACE_ASK_PERSON'}, {'choice_id': '1', 'milestone_id': '3', 'object_name': 'm3_namchat_Mai', 'route_id': 'CH1_M3_R2_BB_1', 'score_state': {'SCORE_COMMUNITY_WARNING': 50, 'SCORE_HELP_SEEKING': 65, 'SCORE_INFORMATION_VERIFICATION': 53, 'SCORE_PRESSURE_RESISTANCE': 42, 'SCORE_RISK_RECOGNITION': 49}, 'timestamp': 1780226001106, 'trace_id': 'TRACE_ASK_PERSON'}, {'choice_id': '2', 'milestone_id': '3', 'object_name': 'm3_namchat_borrowmoney', 'route_id': 'CH1_M3_R2_BB_1_A', 'score_state': {'SCORE_COMMUNITY_WARNING': 50, 'SCORE_HELP_SEEKING': 70, 'SCORE_INFORMATION_VERIFICATION': 55, 'SCORE_PRESSURE_RESISTANCE': 42, 'SCORE_RISK_RECOGNITION': 49}, 'timestamp': 1780226007841, 'trace_id': 'TRACE_REFUSE_RISKY_REQUEST'}, {'choice_id': '2', 'milestone_id': '3', 'object_name': 'm3_classgroup', 'route_id': 'CH1_M3_R0_BB_2', 'score_state': {'SCORE_COMMUNITY_WARNING': 50, 'SCORE_HELP_SEEKING': 70, 'SCORE_INFORMATION_VERIFICATION': 58, 'SCORE_PRESSURE_RESISTANCE': 48, 'SCORE_RISK_RECOGNITION': 54}, 'timestamp': 1780226025037, 'trace_id': 'TRACE_WARN_OTHERS'}, {'choice_id': '3', 'milestone_id': '3', 'object_name': 'm4_email_scholarship_askroomate', 'route_id': 'CH1_M3_R0_BB_5', 'score_state': {'SCORE_COMMUNITY_WARNING': 58, 'SCORE_HELP_SEEKING': 70, 'SCORE_INFORMATION_VERIFICATION': 58, 'SCORE_PRESSURE_RESISTANCE': 48, 'SCORE_RISK_RECOGNITION': 54}, 'timestamp': 1780226052006, 'trace_id': 'TRACE_ASK_PERSON'}, {'choice_id': '1', 'milestone_id': '4', 'object_name': 'm4_email_scholarship', 'route_id': 'CH1_M4_R3_BB_1', 'score_state': {'SCORE_COMMUNITY_WARNING': 58, 'SCORE_HELP_SEEKING': 75, 'SCORE_INFORMATION_VERIFICATION': 60, 'SCORE_PRESSURE_RESISTANCE': 48, 'SCORE_RISK_RECOGNITION': 54}, 'timestamp': 1780226061220, 'trace_id': 'TRACE_INSPECT_SOURCE'}, {'choice_id': '2', 'milestone_id': '4', 'object_name': 'm4_email_scholarship', 'route_id': 'CH1_M4_R3_BB_2', 'score_state': {'SCORE_COMMUNITY_WARNING': 58, 'SCORE_HELP_SEEKING': 75, 'SCORE_INFORMATION_VERIFICATION': 65, 'SCORE_PRESSURE_RESISTANCE': 48, 'SCORE_RISK_RECOGNITION': 57}, 'timestamp': 1780226067738, 'trace_id': 'TRACE_REFUSE_RISKY_REQUEST'}, {'choice_id': '1', 'milestone_id': '4', 'object_name': 'm4_classgroup', 'route_id': 'CH1_M4_R0_BB_0', 'score_state': {'SCORE_COMMUNITY_WARNING': 58, 'SCORE_HELP_SEEKING': 75, 'SCORE_INFORMATION_VERIFICATION': 68, 'SCORE_PRESSURE_RESISTANCE': 54, 'SCORE_RISK_RECOGNITION': 62}, 'timestamp': 1780226072625, 'trace_id': 'TRACE_WARN_OTHERS'}]",50.0,65.0,0.0,16.0,0.0,player10@gmail.com
2026-05-31 12:12:39.638,True,1gJPPFrwADbPzDMNxwIhKHuCPWv1,66c3226e840e461a902dffc6c8ac249c,2026-05-31 12:04:23.183,496.455,"[{'choice_id': '1', 'milestone_id': '0', 'object_name': 'm0_guard', 'route_id': 'CH1_M0_R0_BB_3', 'score_state': {'SCORE_COMMUNITY_WARNING': 50, 'SCORE_HELP_SEEKING': 50, 'SCORE_INFORMATION_VERIFICATION': 50, 'SCORE_PRESSURE_RESISTANCE': 50, 'SCORE_RISK_RECOGNITION': 50}, 'timestamp': 1780229130960, 'trace_id': 'TRACE_ASK_PERSON'}, {'choice_id': '3', 'milestone_id': '0', 'object_name': 'm1_link_freedoc', 'route_id': 'CH1_M0_R0_BB_13', 'score_state': {'SCORE_COMMUNITY_WARNING': 50, 'SCORE_HELP_SEEKING': 55, 'SCORE_INFORMATION_VERIFICATION': 52, 'SCORE_PRESSURE_RESISTANCE': 50, 'SCORE_RISK_RECOGNITION': 50}, 'timestamp': 1780229322902, 'trace_id': 'TRACE_INSPECT_SOURCE'}, {'choice_id': '3', 'milestone_id': '1', 'object_name': 'm2_shipper_call', 'route_id': 'CH1_M1_R0_BB_3', 'score_state': {'SCORE_COMMUNITY_WARNING': 50, 'SCORE_HELP_SEEKING': 55, 'SCORE_INFORMATION_VERIFICATION': 57, 'SCORE_PRESSURE_RESISTANCE': 50, 'SCORE_RISK_RECOGNITION': 53}, 'timestamp': 1780229391201, 'trace_id': 'TRACE_ASK_PERSON'}, {'choice_id': '1', 'milestone_id': '2', 'object_name': 'm2_shipper_call', 'route_id': 'CH1_M2_TC_1', 'score_state': {'SCORE_COMMUNITY_WARNING': 50, 'SCORE_HELP_SEEKING': 60, 'SCORE_INFORMATION_VERIFICATION': 59, 'SCORE_PRESSURE_RESISTANCE': 50, 'SCORE_RISK_RECOGNITION': 53}, 'timestamp': 1780229405474, 'trace_id': 'TRACE_TRANSFER_MONEY'}, {'choice_id': '1', 'milestone_id': '2', 'object_name': 'm2_app_checkorder', 'route_id': 'CH1_M2_R1_BB_3', 'score_state': {'SCORE_COMMUNITY_WARNING': 50, 'SCORE_HELP_SEEKING': 60, 'SCORE_INFORMATION_VERIFICATION': 44, 'SCORE_PRESSURE_RESISTANCE': 42, 'SCORE_RISK_RECOGNITION': 46}, 'timestamp': 1780229457862, 'trace_id': 'TRACE_INSPECT_SOURCE'}, {'choice_id': '3', 'milestone_id': '2', 'object_name': 'm3_namchat_borrowmoney', 'route_id': 'CH1_M2_R0_BB_3', 'score_state': {'SCORE_COMMUNITY_WARNING': 50, 'SCORE_HELP_SEEKING': 60, 'SCORE_INFORMATION_VERIFICATION': 49, 'SCORE_PRESSURE_RESISTANCE': 42, 'SCORE_RISK_RECOGNITION': 49}, 'timestamp': 1780229476791, 'trace_id': 'TRACE_DETECT_RED_FLAG'}, {'choice_id': '3', 'milestone_id': '3', 'object_name': 'm3_namchat_borrowmoney', 'route_id': 'CH1_M3_TC_1', 'score_state': {'SCORE_COMMUNITY_WARNING': 50, 'SCORE_HELP_SEEKING': 60, 'SCORE_INFORMATION_VERIFICATION': 52, 'SCORE_PRESSURE_RESISTANCE': 42, 'SCORE_RISK_RECOGNITION': 56}, 'timestamp': 1780229480170, 'trace_id': 'TRACE_REFUSE_RISKY_REQUEST'}, {'choice_id': '2', 'milestone_id': '3', 'object_name': 'm3_classgroup', 'route_id': 'CH1_M3_R0_BB_2', 'score_state': {'SCORE_COMMUNITY_WARNING': 50, 'SCORE_HELP_SEEKING': 60, 'SCORE_INFORMATION_VERIFICATION': 55, 'SCORE_PRESSURE_RESISTANCE': 48, 'SCORE_RISK_RECOGNITION': 61}, 'timestamp': 1780229500313, 'trace_id': 'TRACE_WARN_OTHERS'}, {'choice_id': '1', 'milestone_id': '3', 'object_name': 'm4_email_scholarship', 'route_id': 'CH1_M3_R0_BB_5', 'score_state': {'SCORE_COMMUNITY_WARNING': 58, 'SCORE_HELP_SEEKING': 60, 'SCORE_INFORMATION_VERIFICATION': 55, 'SCORE_PRESSURE_RESISTANCE': 48, 'SCORE_RISK_RECOGNITION': 61}, 'timestamp': 1780229523887, 'trace_id': 'TRACE_OPEN_UNVERIFIED_FORM'}, {'choice_id': '1', 'milestone_id': '4', 'object_name': 'm4_scholarship_form', 'route_id': 'CH1_M4_R1_BB_1', 'score_state': {'SCORE_COMMUNITY_WARNING': 58, 'SCORE_HELP_SEEKING': 60, 'SCORE_INFORMATION_VERIFICATION': 50, 'SCORE_PRESSURE_RESISTANCE': 48, 'SCORE_RISK_RECOGNITION': 58}, 'timestamp': 1780229526209, 'trace_id': 'TRACE_FILL_BASIC_INFO'}, {'choice_id': '1', 'milestone_id': '4', 'object_name': 'm4_form_bankaccount', 'route_id': 'CH1_M4_R1_BB_2', 'score_state': {'SCORE_COMMUNITY_WARNING': 58, 'SCORE_HELP_SEEKING': 60, 'SCORE_INFORMATION_VERIFICATION': 43, 'SCORE_PRESSURE_RESISTANCE': 48, 'SCORE_RISK_RECOGNITION': 54}, 'timestamp': 1780229529974, 'trace_id': 'TRACE_FILL_SENSITIVE_INFO'}, {'choice_id': '1', 'milestone_id': '4', 'object_name': 'm4_form_banklogin', 'route_id': 'CH1_M4_R1_BB_4', 'score_state': {'SCORE_COMMUNITY_WARNING': 58, 'SCORE_HELP_SEEKING': 60, 'SCORE_INFORMATION_VERIFICATION': 31, 'SCORE_PRESSURE_RESISTANCE': 44, 'SCORE_RISK_RECOGNITION': 48}, 'timestamp': 1780229533950, 'trace_id': 'TRACE_SUBMIT_CREDENTIAL'}, {'choice_id': '1', 'milestone_id': '4', 'object_name': 'm4_otp_bankauth', 'route_id': 'CH1_M4_R1_BB_5', 'score_state': {'SCORE_COMMUNITY_WARNING': 58, 'SCORE_HELP_SEEKING': 60, 'SCORE_INFORMATION_VERIFICATION': 11, 'SCORE_PRESSURE_RESISTANCE': 38, 'SCORE_RISK_RECOGNITION': 38}, 'timestamp': 1780229536163, 'trace_id': 'TRACE_SUBMIT_AUTH_CODE'}, {'choice_id': '1', 'milestone_id': '4', 'object_name': 'm4_roommate', 'route_id': 'CH1_M4_R1_BB_6', 'score_state': {'SCORE_COMMUNITY_WARNING': 58, 'SCORE_HELP_SEEKING': 60, 'SCORE_INFORMATION_VERIFICATION': 0, 'SCORE_PRESSURE_RESISTANCE': 30, 'SCORE_RISK_RECOGNITION': 26}, 'timestamp': 1780229543271, 'trace_id': 'TRACE_ASK_PERSON'}, {'choice_id': '1', 'milestone_id': '4', 'object_name': 'm4_classgroup', 'route_id': 'CH1_M4_R0_BB_0', 'score_state': {'SCORE_COMMUNITY_WARNING': 58, 'SCORE_HELP_SEEKING': 65, 'SCORE_INFORMATION_VERIFICATION': 2, 'SCORE_PRESSURE_RESISTANCE': 30, 'SCORE_RISK_RECOGNITION': 26}, 'timestamp': 1780229553282, 'trace_id': 'TRACE_WARN_OTHERS'}]",66.0,80.0,68.0,76.0,70.0,player12@gmail.com
2026-05-31 12:01:32.704,False,vroJdrAh69TH16ZpHxlCqeIplRw1,6d8d8ee5a4d64040866aab590a3ddfeb,2026-05-31 11:52:40.159,532.545,,,,,,,player8@gmail.com
2026-05-31 12:07:00.320,True,aUwWXivyj0VBPP4fmL3STw6ydC83,75eeb26fc024487c8997793141fe4192,2026-05-31 11:08:30.267,3510.053,"[{'choice_id': '1', 'milestone_id': '0', 'object_name': 'm0_email_checkin', 'route_id': 'CH1_M0_R0_BB_1', 'score_state': {'SCORE_COMMUNITY_WARNING': 50, 'SCORE_HELP_SEEKING': 50, 'SCORE_INFORMATION_VERIFICATION': 50, 'SCORE_PRESSURE_RESISTANCE': 50, 'SCORE_RISK_RECOGNITION': 50}, 'timestamp': 1780226216377, 'trace_id': 'TRACE_READ_RELEVANT_INFO'}, {'choice_id': '1', 'milestone_id': '0', 'object_name': 'm0_guard', 'route_id': 'CH1_M0_R0_BB_3', 'score_state': {'SCORE_COMMUNITY_WARNING': 50, 'SCORE_HELP_SEEKING': 50, 'SCORE_INFORMATION_VERIFICATION': 52, 'SCORE_PRESSURE_RESISTANCE': 50, 'SCORE_RISK_RECOGNITION': 50}, 'timestamp': 1780226376622, 'trace_id': 'TRACE_ASK_PERSON'}, {'choice_id': '1', 'milestone_id': '0', 'object_name': 'm0_linh_askgroup', 'route_id': 'CH1_M0_R0_BB_4', 'score_state': {'SCORE_COMMUNITY_WARNING': 50, 'SCORE_HELP_SEEKING': 55, 'SCORE_INFORMATION_VERIFICATION': 54, 'SCORE_PRESSURE_RESISTANCE': 50, 'SCORE_RISK_RECOGNITION': 50}, 'timestamp': 1780226615591, 'trace_id': 'TRACE_ASK_PERSON'}, {'choice_id': '2', 'milestone_id': '0', 'object_name': 'm1_roommate_askdoc', 'route_id': 'CH1_M0_R0_BB_13', 'score_state': {'SCORE_COMMUNITY_WARNING': 50, 'SCORE_HELP_SEEKING': 60, 'SCORE_INFORMATION_VERIFICATION': 56, 'SCORE_PRESSURE_RESISTANCE': 50, 'SCORE_RISK_RECOGNITION': 50}, 'timestamp': 1780227695384, 'trace_id': 'TRACE_ASK_PERSON'}, {'choice_id': '2', 'milestone_id': '1', 'object_name': 'm1_link_freedoc', 'route_id': 'CH1_M1_R2_BB_2', 'score_state': {'SCORE_COMMUNITY_WARNING': 50, 'SCORE_HELP_SEEKING': 65, 'SCORE_INFORMATION_VERIFICATION': 58, 'SCORE_PRESSURE_RESISTANCE': 50, 'SCORE_RISK_RECOGNITION': 50}, 'timestamp': 1780227810407, 'trace_id': 'TRACE_REFUSE_RISKY_REQUEST'}, {'choice_id': '3', 'milestone_id': '1', 'object_name': 'm2_shipper_call', 'route_id': 'CH1_M1_R0_BB_3', 'score_state': {'SCORE_COMMUNITY_WARNING': 50, 'SCORE_HELP_SEEKING': 65, 'SCORE_INFORMATION_VERIFICATION': 61, 'SCORE_PRESSURE_RESISTANCE': 56, 'SCORE_RISK_RECOGNITION': 55}, 'timestamp': 1780228262081, 'trace_id': 'TRACE_ASK_PERSON'}, {'choice_id': '2', 'milestone_id': '2', 'object_name': 'm2_shipper_call', 'route_id': 'CH1_M2_TC_1', 'score_state': {'SCORE_COMMUNITY_WARNING': 50, 'SCORE_HELP_SEEKING': 70, 'SCORE_INFORMATION_VERIFICATION': 63, 'SCORE_PRESSURE_RESISTANCE': 56, 'SCORE_RISK_RECOGNITION': 55}, 'timestamp': 1780228307568, 'trace_id': 'TRACE_DELAY_ACTION'}, {'choice_id': '1', 'milestone_id': '2', 'object_name': 'm2_shipper_call', 'route_id': 'CH1_M2_R2_BB_1', 'score_state': {'SCORE_COMMUNITY_WARNING': 50, 'SCORE_HELP_SEEKING': 70, 'SCORE_INFORMATION_VERIFICATION': 66, 'SCORE_PRESSURE_RESISTANCE': 62, 'SCORE_RISK_RECOGNITION': 55}, 'timestamp': 1780228331320, 'trace_id': 'TRACE_TRANSFER_MONEY'}, {'choice_id': '1', 'milestone_id': '2', 'object_name': 'm2_app_checkorder', 'route_id': 'CH1_M2_R1_BB_3', 'score_state': {'SCORE_COMMUNITY_WARNING': 50, 'SCORE_HELP_SEEKING': 70, 'SCORE_INFORMATION_VERIFICATION': 51, 'SCORE_PRESSURE_RESISTANCE': 54, 'SCORE_RISK_RECOGNITION': 48}, 'timestamp': 1780228711020, 'trace_id': 'TRACE_INSPECT_SOURCE'}, {'choice_id': '2', 'milestone_id': '2', 'object_name': 'm3_namchat_askroomate', 'route_id': 'CH1_M2_R0_BB_3', 'score_state': {'SCORE_COMMUNITY_WARNING': 50, 'SCORE_HELP_SEEKING': 70, 'SCORE_INFORMATION_VERIFICATION': 56, 'SCORE_PRESSURE_RESISTANCE': 54, 'SCORE_RISK_RECOGNITION': 51}, 'timestamp': 1780228806654, 'trace_id': 'TRACE_ASK_PERSON'}, {'choice_id': '1', 'milestone_id': '3', 'object_name': 'm3_namchat_Mai', 'route_id': 'CH1_M3_R2_BB_1', 'score_state': {'SCORE_COMMUNITY_WARNING': 50, 'SCORE_HELP_SEEKING': 75, 'SCORE_INFORMATION_VERIFICATION': 58, 'SCORE_PRESSURE_RESISTANCE': 54, 'SCORE_RISK_RECOGNITION': 51}, 'timestamp': 1780228900218, 'trace_id': 'TRACE_ASK_PERSON'}, {'choice_id': '2', 'milestone_id': '3', 'object_name': 'm3_namchat_borrowmoney', 'route_id': 'CH1_M3_R2_BB_1_A', 'score_state': {'SCORE_COMMUNITY_WARNING': 50, 'SCORE_HELP_SEEKING': 80, 'SCORE_INFORMATION_VERIFICATION': 60, 'SCORE_PRESSURE_RESISTANCE': 54, 'SCORE_RISK_RECOGNITION': 51}, 'timestamp': 1780228921219, 'trace_id': 'TRACE_REFUSE_RISKY_REQUEST'}, {'choice_id': '2', 'milestone_id': '3', 'object_name': 'm3_classgroup', 'route_id': 'CH1_M3_R0_BB_2', 'score_state': {'SCORE_COMMUNITY_WARNING': 50, 'SCORE_HELP_SEEKING': 80, 'SCORE_INFORMATION_VERIFICATION': 63, 'SCORE_PRESSURE_RESISTANCE': 60, 'SCORE_RISK_RECOGNITION': 56}, 'timestamp': 1780228969384, 'trace_id': 'TRACE_WARN_OTHERS'}, {'choice_id': '3', 'milestone_id': '3', 'object_name': 'm4_email_scholarship_askroomate', 'route_id': 'CH1_M3_R0_BB_5', 'score_state': {'SCORE_COMMUNITY_WARNING': 58, 'SCORE_HELP_SEEKING': 80, 'SCORE_INFORMATION_VERIFICATION': 63, 'SCORE_PRESSURE_RESISTANCE': 60, 'SCORE_RISK_RECOGNITION': 56}, 'timestamp': 1780229127728, 'trace_id': 'TRACE_ASK_PERSON'}, {'choice_id': '1', 'milestone_id': '4', 'object_name': 'm4_email_scholarship', 'route_id': 'CH1_M4_R3_BB_1', 'score_state': {'SCORE_COMMUNITY_WARNING': 58, 'SCORE_HELP_SEEKING': 85, 'SCORE_INFORMATION_VERIFICATION': 65, 'SCORE_PRESSURE_RESISTANCE': 60, 'SCORE_RISK_RECOGNITION': 56}, 'timestamp': 1780229154020, 'trace_id': 'TRACE_INSPECT_SOURCE'}, {'choice_id': '2', 'milestone_id': '4', 'object_name': 'm4_email_scholarship', 'route_id': 'CH1_M4_R3_BB_2', 'score_state': {'SCORE_COMMUNITY_WARNING': 58, 'SCORE_HELP_SEEKING': 85, 'SCORE_INFORMATION_VERIFICATION': 70, 'SCORE_PRESSURE_RESISTANCE': 60, 'SCORE_RISK_RECOGNITION': 59}, 'timestamp': 1780229169323, 'trace_id': 'TRACE_REFUSE_RISKY_REQUEST'}, {'choice_id': '1', 'milestone_id': '4', 'object_name': 'm4_classgroup', 'route_id': 'CH1_M4_R0_BB_0', 'score_state': {'SCORE_COMMUNITY_WARNING': 58, 'SCORE_HELP_SEEKING': 85, 'SCORE_INFORMATION_VERIFICATION': 73, 'SCORE_PRESSURE_RESISTANCE': 66, 'SCORE_RISK_RECOGNITION': 64}, 'timestamp': 1780229185549, 'trace_id': 'TRACE_WARN_OTHERS'}]",,,,,,player7@gmail.com
2026-05-31 04:17:23.857,True,Phcnngo3Fddhr78h6wLbEE8qeW22,7ba9fd458aca41e6b3a5f0925ea27c6e,2026-05-31 04:01:33.532,950.325,"[{'choice_id': '1', 'milestone_id': '0', 'object_name': 'm0_email_checkin', 'route_id': 'CH1_M0_R0_BB_1', 'score_state': {'SCORE_COMMUNITY_WARNING': 50, 'SCORE_HELP_SEEKING': 50, 'SCORE_INFORMATION_VERIFICATION': 50, 'SCORE_PRESSURE_RESISTANCE': 50, 'SCORE_RISK_RECOGNITION': 50}, 'timestamp': 1780200116591, 'trace_id': 'TRACE_READ_RELEVANT_INFO'}, {'choice_id': '1', 'milestone_id': '0', 'object_name': 'm0_guard', 'route_id': 'CH1_M0_R0_BB_3', 'score_state': {'SCORE_COMMUNITY_WARNING': 50, 'SCORE_HELP_SEEKING': 50, 'SCORE_INFORMATION_VERIFICATION': 52, 'SCORE_PRESSURE_RESISTANCE': 50, 'SCORE_RISK_RECOGNITION': 50}, 'timestamp': 1780200158510, 'trace_id': 'TRACE_ASK_PERSON'}, {'choice_id': '1', 'milestone_id': '0', 'object_name': 'm0_linh_askgroup', 'route_id': 'CH1_M0_R0_BB_4', 'score_state': {'SCORE_COMMUNITY_WARNING': 50, 'SCORE_HELP_SEEKING': 55, 'SCORE_INFORMATION_VERIFICATION': 54, 'SCORE_PRESSURE_RESISTANCE': 50, 'SCORE_RISK_RECOGNITION': 50}, 'timestamp': 1780200406527, 'trace_id': 'TRACE_ASK_PERSON'}, {'choice_id': '2', 'milestone_id': '0', 'object_name': 'm1_roommate_askdoc', 'route_id': 'CH1_M0_R0_BB_13', 'score_state': {'SCORE_COMMUNITY_WARNING': 50, 'SCORE_HELP_SEEKING': 60, 'SCORE_INFORMATION_VERIFICATION': 56, 'SCORE_PRESSURE_RESISTANCE': 50, 'SCORE_RISK_RECOGNITION': 50}, 'timestamp': 1780200649333, 'trace_id': 'TRACE_ASK_PERSON'}, {'choice_id': '2', 'milestone_id': '1', 'object_name': 'm1_link_freedoc', 'route_id': 'CH1_M1_R2_BB_2', 'score_state': {'SCORE_COMMUNITY_WARNING': 50, 'SCORE_HELP_SEEKING': 65, 'SCORE_INFORMATION_VERIFICATION': 58, 'SCORE_PRESSURE_RESISTANCE': 50, 'SCORE_RISK_RECOGNITION': 50}, 'timestamp': 1780200669050, 'trace_id': 'TRACE_REFUSE_RISKY_REQUEST'}, {'choice_id': '1', 'milestone_id': '1', 'object_name': 'm2_shipper_call', 'route_id': 'CH1_M1_R0_BB_3', 'score_state': {'SCORE_COMMUNITY_WARNING': 50, 'SCORE_HELP_SEEKING': 65, 'SCORE_INFORMATION_VERIFICATION': 61, 'SCORE_PRESSURE_RESISTANCE': 56, 'SCORE_RISK_RECOGNITION': 55}, 'timestamp': 1780200858658, 'trace_id': 'TRACE_TRANSFER_MONEY'}, {'choice_id': '1', 'milestone_id': '2', 'object_name': 'm2_app_checkorder', 'route_id': 'CH1_M2_R1_BB_3', 'score_state': {'SCORE_COMMUNITY_WARNING': 50, 'SCORE_HELP_SEEKING': 65, 'SCORE_INFORMATION_VERIFICATION': 46, 'SCORE_PRESSURE_RESISTANCE': 48, 'SCORE_RISK_RECOGNITION': 48}, 'timestamp': 1780200918824, 'trace_id': 'TRACE_INSPECT_SOURCE'}, {'choice_id': '3', 'milestone_id': '2', 'object_name': 'm3_namchat_borrowmoney', 'route_id': 'CH1_M2_R0_BB_3', 'score_state': {'SCORE_COMMUNITY_WARNING': 50, 'SCORE_HELP_SEEKING': 65, 'SCORE_INFORMATION_VERIFICATION': 51, 'SCORE_PRESSURE_RESISTANCE': 48, 'SCORE_RISK_RECOGNITION': 51}, 'timestamp': 1780200940031, 'trace_id': 'TRACE_DETECT_RED_FLAG'}, {'choice_id': '3', 'milestone_id': '3', 'object_name': 'm3_namchat_borrowmoney', 'route_id': 'CH1_M3_TC_1', 'score_state': {'SCORE_COMMUNITY_WARNING': 50, 'SCORE_HELP_SEEKING': 65, 'SCORE_INFORMATION_VERIFICATION': 54, 'SCORE_PRESSURE_RESISTANCE': 48, 'SCORE_RISK_RECOGNITION': 58}, 'timestamp': 1780200948590, 'trace_id': 'TRACE_REFUSE_RISKY_REQUEST'}, {'choice_id': '2', 'milestone_id': '3', 'object_name': 'm3_classgroup', 'route_id': 'CH1_M3_R0_BB_2', 'score_state': {'SCORE_COMMUNITY_WARNING': 50, 'SCORE_HELP_SEEKING': 65, 'SCORE_INFORMATION_VERIFICATION': 57, 'SCORE_PRESSURE_RESISTANCE': 54, 'SCORE_RISK_RECOGNITION': 63}, 'timestamp': 1780200980140, 'trace_id': 'TRACE_WARN_OTHERS'}, {'choice_id': '3', 'milestone_id': '3', 'object_name': 'm4_email_scholarship_askroomate', 'route_id': 'CH1_M3_R0_BB_5', 'score_state': {'SCORE_COMMUNITY_WARNING': 58, 'SCORE_HELP_SEEKING': 65, 'SCORE_INFORMATION_VERIFICATION': 57, 'SCORE_PRESSURE_RESISTANCE': 54, 'SCORE_RISK_RECOGNITION': 63}, 'timestamp': 1780201013429, 'trace_id': 'TRACE_ASK_PERSON'}, {'choice_id': '1', 'milestone_id': '4', 'object_name': 'm4_email_scholarship', 'route_id': 'CH1_M4_R3_BB_1', 'score_state': {'SCORE_COMMUNITY_WARNING': 58, 'SCORE_HELP_SEEKING': 70, 'SCORE_INFORMATION_VERIFICATION': 59, 'SCORE_PRESSURE_RESISTANCE': 54, 'SCORE_RISK_RECOGNITION': 63}, 'timestamp': 1780201021759, 'trace_id': 'TRACE_INSPECT_SOURCE'}, {'choice_id': '2', 'milestone_id': '4', 'object_name': 'm4_email_scholarship', 'route_id': 'CH1_M4_R3_BB_2', 'score_state': {'SCORE_COMMUNITY_WARNING': 58, 'SCORE_HELP_SEEKING': 70, 'SCORE_INFORMATION_VERIFICATION': 64, 'SCORE_PRESSURE_RESISTANCE': 54, 'SCORE_RISK_RECOGNITION': 66}, 'timestamp': 1780201030733, 'trace_id': 'TRACE_REFUSE_RISKY_REQUEST'}, {'choice_id': '1', 'milestone_id': '4', 'object_name': 'm4_classgroup', 'route_id': 'CH1_M4_R0_BB_0', 'score_state': {'SCORE_COMMUNITY_WARNING': 58, 'SCORE_HELP_SEEKING': 70, 'SCORE_INFORMATION_VERIFICATION': 67, 'SCORE_PRESSURE_RESISTANCE': 60, 'SCORE_RISK_RECOGNITION': 71}, 'timestamp': 1780201035471, 'trace_id': 'TRACE_WARN_OTHERS'}]",,,,,,player3@gmail.com
2026-05-31 08:49:15.236,False,cx0jXpRTPFb30Gsm6QOvt3Hh6KJ3,8e53c404a4284916a4b280a3b696791f,2026-05-31 08:45:57.766,197.47,"[{'choice_id': '1', 'milestone_id': '0', 'object_name': 'm0_email_checkin', 'route_id': 'CH1_M0_R0_BB_1', 'score_state': {'SCORE_COMMUNITY_WARNING': 50, 'SCORE_HELP_SEEKING': 50, 'SCORE_INFORMATION_VERIFICATION': 50, 'SCORE_PRESSURE_RESISTANCE': 50, 'SCORE_RISK_RECOGNITION': 50}, 'timestamp': 1780217188079, 'trace_id': 'TRACE_READ_RELEVANT_INFO'}]",,,,,,player4@gmail.com
2026-05-31 04:15:39.906,True,Phcnngo3Fddhr78h6wLbEE8qeW22,a38abb6afdad4b429171a280b3849522,2026-05-31 03:50:52.202,1487.704,"[{'choice_id': '1', 'milestone_id': '0', 'object_name': 'm0_email_checkin', 'route_id': 'CH1_M0_R0_BB_1', 'score_state': {'SCORE_COMMUNITY_WARNING': 50, 'SCORE_HELP_SEEKING': 50, 'SCORE_INFORMATION_VERIFICATION': 50, 'SCORE_PRESSURE_RESISTANCE': 50, 'SCORE_RISK_RECOGNITION': 50}, 'timestamp': 1780199528686, 'trace_id': 'TRACE_READ_RELEVANT_INFO'}, {'choice_id': '1', 'milestone_id': '0', 'object_name': 'm0_guard', 'route_id': 'CH1_M0_R0_BB_3', 'score_state': {'SCORE_COMMUNITY_WARNING': 50, 'SCORE_HELP_SEEKING': 50, 'SCORE_INFORMATION_VERIFICATION': 52, 'SCORE_PRESSURE_RESISTANCE': 50, 'SCORE_RISK_RECOGNITION': 50}, 'timestamp': 1780199890195, 'trace_id': 'TRACE_ASK_PERSON'}, {'choice_id': '1', 'milestone_id': '0', 'object_name': 'm0_linh_askgroup', 'route_id': 'CH1_M0_R0_BB_4', 'score_state': {'SCORE_COMMUNITY_WARNING': 50, 'SCORE_HELP_SEEKING': 55, 'SCORE_INFORMATION_VERIFICATION': 54, 'SCORE_PRESSURE_RESISTANCE': 50, 'SCORE_RISK_RECOGNITION': 50}, 'timestamp': 1780200026252, 'trace_id': 'TRACE_ASK_PERSON'}, {'choice_id': '1', 'milestone_id': '0', 'object_name': 'm1_link_freedoc', 'route_id': 'CH1_M0_R0_BB_13', 'score_state': {'SCORE_COMMUNITY_WARNING': 50, 'SCORE_HELP_SEEKING': 60, 'SCORE_INFORMATION_VERIFICATION': 56, 'SCORE_PRESSURE_RESISTANCE': 50, 'SCORE_RISK_RECOGNITION': 50}, 'timestamp': 1780200478848, 'trace_id': 'TRACE_OPEN_UNVERIFIED_LINK'}, {'choice_id': '1', 'milestone_id': '1', 'object_name': 'm1_freedoc_login', 'route_id': 'CH1_M1_R1_BB_1', 'score_state': {'SCORE_COMMUNITY_WARNING': 50, 'SCORE_HELP_SEEKING': 60, 'SCORE_INFORMATION_VERIFICATION': 52, 'SCORE_PRESSURE_RESISTANCE': 50, 'SCORE_RISK_RECOGNITION': 48}, 'timestamp': 1780200506023, 'trace_id': 'TRACE_SUBMIT_CREDENTIAL'}, {'choice_id': '3', 'milestone_id': '1', 'object_name': 'm2_shipper_call', 'route_id': 'CH1_M1_R0_BB_3', 'score_state': {'SCORE_COMMUNITY_WARNING': 50, 'SCORE_HELP_SEEKING': 60, 'SCORE_INFORMATION_VERIFICATION': 32, 'SCORE_PRESSURE_RESISTANCE': 44, 'SCORE_RISK_RECOGNITION': 38}, 'timestamp': 1780200654767, 'trace_id': 'TRACE_ASK_PERSON'}, {'choice_id': '1', 'milestone_id': '2', 'object_name': 'm2_shipper_call', 'route_id': 'CH1_M2_TC_1', 'score_state': {'SCORE_COMMUNITY_WARNING': 50, 'SCORE_HELP_SEEKING': 65, 'SCORE_INFORMATION_VERIFICATION': 34, 'SCORE_PRESSURE_RESISTANCE': 44, 'SCORE_RISK_RECOGNITION': 38}, 'timestamp': 1780200675679, 'trace_id': 'TRACE_TRANSFER_MONEY'}, {'choice_id': '1', 'milestone_id': '2', 'object_name': 'm2_app_checkorder', 'route_id': 'CH1_M2_R1_BB_3', 'score_state': {'SCORE_COMMUNITY_WARNING': 50, 'SCORE_HELP_SEEKING': 65, 'SCORE_INFORMATION_VERIFICATION': 19, 'SCORE_PRESSURE_RESISTANCE': 36, 'SCORE_RISK_RECOGNITION': 31}, 'timestamp': 1780200729339, 'trace_id': 'TRACE_INSPECT_SOURCE'}, {'choice_id': '2', 'milestone_id': '2', 'object_name': 'm3_namchat_askroomate', 'route_id': 'CH1_M2_R0_BB_3', 'score_state': {'SCORE_COMMUNITY_WARNING': 50, 'SCORE_HELP_SEEKING': 65, 'SCORE_INFORMATION_VERIFICATION': 24, 'SCORE_PRESSURE_RESISTANCE': 36, 'SCORE_RISK_RECOGNITION': 34}, 'timestamp': 1780200784033, 'trace_id': 'TRACE_ASK_PERSON'}, {'choice_id': '1', 'milestone_id': '3', 'object_name': 'm3_namchat_Mai', 'route_id': 'CH1_M3_R2_BB_1', 'score_state': {'SCORE_COMMUNITY_WARNING': 50, 'SCORE_HELP_SEEKING': 70, 'SCORE_INFORMATION_VERIFICATION': 26, 'SCORE_PRESSURE_RESISTANCE': 36, 'SCORE_RISK_RECOGNITION': 34}, 'timestamp': 1780200792530, 'trace_id': 'TRACE_ASK_PERSON'}, {'choice_id': '2', 'milestone_id': '3', 'object_name': 'm3_namchat_borrowmoney', 'route_id': 'CH1_M3_R2_BB_1_A', 'score_state': {'SCORE_COMMUNITY_WARNING': 50, 'SCORE_HELP_SEEKING': 75, 'SCORE_INFORMATION_VERIFICATION': 28, 'SCORE_PRESSURE_RESISTANCE': 36, 'SCORE_RISK_RECOGNITION': 34}, 'timestamp': 1780200807562, 'trace_id': 'TRACE_REFUSE_RISKY_REQUEST'}, {'choice_id': '2', 'milestone_id': '3', 'object_name': 'm3_classgroup', 'route_id': 'CH1_M3_R0_BB_2', 'score_state': {'SCORE_COMMUNITY_WARNING': 50, 'SCORE_HELP_SEEKING': 75, 'SCORE_INFORMATION_VERIFICATION': 31, 'SCORE_PRESSURE_RESISTANCE': 42, 'SCORE_RISK_RECOGNITION': 39}, 'timestamp': 1780200844357, 'trace_id': 'TRACE_WARN_OTHERS'}, {'choice_id': '3', 'milestone_id': '3', 'object_name': 'm4_email_scholarship_askroomate', 'route_id': 'CH1_M3_R0_BB_5', 'score_state': {'SCORE_COMMUNITY_WARNING': 58, 'SCORE_HELP_SEEKING': 75, 'SCORE_INFORMATION_VERIFICATION': 31, 'SCORE_PRESSURE_RESISTANCE': 42, 'SCORE_RISK_RECOGNITION': 39}, 'timestamp': 1780200885611, 'trace_id': 'TRACE_ASK_PERSON'}, {'choice_id': '1', 'milestone_id': '4', 'object_name': 'm4_email_scholarship', 'route_id': 'CH1_M4_R3_BB_1', 'score_state': {'SCORE_COMMUNITY_WARNING': 58, 'SCORE_HELP_SEEKING': 80, 'SCORE_INFORMATION_VERIFICATION': 33, 'SCORE_PRESSURE_RESISTANCE': 42, 'SCORE_RISK_RECOGNITION': 39}, 'timestamp': 1780200903754, 'trace_id': 'TRACE_INSPECT_SOURCE'}, {'choice_id': '2', 'milestone_id': '4', 'object_name': 'm4_email_scholarship', 'route_id': 'CH1_M4_R3_BB_2', 'score_state': {'SCORE_COMMUNITY_WARNING': 58, 'SCORE_HELP_SEEKING': 80, 'SCORE_INFORMATION_VERIFICATION': 38, 'SCORE_PRESSURE_RESISTANCE': 42, 'SCORE_RISK_RECOGNITION': 42}, 'timestamp': 1780200923124, 'trace_id': 'TRACE_REFUSE_RISKY_REQUEST'}, {'choice_id': '1', 'milestone_id': '4', 'object_name': 'm4_classgroup', 'route_id': 'CH1_M4_R0_BB_0', 'score_state': {'SCORE_COMMUNITY_WARNING': 58, 'SCORE_HELP_SEEKING': 80, 'SCORE_INFORMATION_VERIFICATION': 41, 'SCORE_PRESSURE_RESISTANCE': 48, 'SCORE_RISK_RECOGNITION': 47}, 'timestamp': 1780200927646, 'trace_id': 'TRACE_WARN_OTHERS'}]",,,,,,player3@gmail.com
2026-05-31 12:01:38.677,False,vroJdrAh69TH16ZpHxlCqeIplRw1,b33c2f3e64d341f58330e6b2e773e5f5,2026-05-31 12:01:33.761,4.916,,,,,,,player8@gmail.com
2026-05-31 09:02:48.867,True,cx0jXpRTPFb30Gsm6QOvt3Hh6KJ3,c744bcf748414ed7bd32c5842db8ca65,2026-05-31 08:49:15.899,812.968,"[{'choice_id': '1', 'milestone_id': '0', 'object_name': 'm0_guard', 'route_id': 'CH1_M0_R0_BB_3', 'score_state': {'SCORE_COMMUNITY_WARNING': 50, 'SCORE_HELP_SEEKING': 50, 'SCORE_INFORMATION_VERIFICATION': 52, 'SCORE_PRESSURE_RESISTANCE': 50, 'SCORE_RISK_RECOGNITION': 50}, 'timestamp': 1780217380718, 'trace_id': 'TRACE_ASK_PERSON'}, {'choice_id': '1', 'milestone_id': '0', 'object_name': 'm0_linh_askgroup', 'route_id': 'CH1_M0_R0_BB_4', 'score_state': {'SCORE_COMMUNITY_WARNING': 50, 'SCORE_HELP_SEEKING': 55, 'SCORE_INFORMATION_VERIFICATION': 54, 'SCORE_PRESSURE_RESISTANCE': 50, 'SCORE_RISK_RECOGNITION': 50}, 'timestamp': 1780217450813, 'trace_id': 'TRACE_ASK_PERSON'}, {'choice_id': '2', 'milestone_id': '0', 'object_name': 'm1_roommate_askdoc', 'route_id': 'CH1_M0_R0_BB_13', 'score_state': {'SCORE_COMMUNITY_WARNING': 50, 'SCORE_HELP_SEEKING': 60, 'SCORE_INFORMATION_VERIFICATION': 56, 'SCORE_PRESSURE_RESISTANCE': 50, 'SCORE_RISK_RECOGNITION': 50}, 'timestamp': 1780217804594, 'trace_id': 'TRACE_ASK_PERSON'}, {'choice_id': '1', 'milestone_id': '1', 'object_name': 'm1_link_freedoc', 'route_id': 'CH1_M1_R2_BB_2', 'score_state': {'SCORE_COMMUNITY_WARNING': 50, 'SCORE_HELP_SEEKING': 65, 'SCORE_INFORMATION_VERIFICATION': 58, 'SCORE_PRESSURE_RESISTANCE': 50, 'SCORE_RISK_RECOGNITION': 50}, 'timestamp': 1780217814644, 'trace_id': 'TRACE_OPEN_UNVERIFIED_LINK'}, {'choice_id': '1', 'milestone_id': '1', 'object_name': 'm2_shipper_call', 'route_id': 'CH1_M1_R0_BB_3', 'score_state': {'SCORE_COMMUNITY_WARNING': 50, 'SCORE_HELP_SEEKING': 65, 'SCORE_INFORMATION_VERIFICATION': 54, 'SCORE_PRESSURE_RESISTANCE': 50, 'SCORE_RISK_RECOGNITION': 48}, 'timestamp': 1780217940230, 'trace_id': 'TRACE_TRANSFER_MONEY'}, {'choice_id': '2', 'milestone_id': '2', 'object_name': 'm2_shipper_call', 'route_id': 'CH1_M2_R1_BB_3', 'score_state': {'SCORE_COMMUNITY_WARNING': 50, 'SCORE_HELP_SEEKING': 65, 'SCORE_INFORMATION_VERIFICATION': 39, 'SCORE_PRESSURE_RESISTANCE': 42, 'SCORE_RISK_RECOGNITION': 41}, 'timestamp': 1780218011570, 'trace_id': 'TRACE_IGNORE_RED_FLAG'}, {'choice_id': '1', 'milestone_id': '2', 'object_name': 'm3_namchat_borrowmoney', 'route_id': 'CH1_M2_R0_BB_3', 'score_state': {'SCORE_COMMUNITY_WARNING': 50, 'SCORE_HELP_SEEKING': 65, 'SCORE_INFORMATION_VERIFICATION': 36, 'SCORE_PRESSURE_RESISTANCE': 42, 'SCORE_RISK_RECOGNITION': 35}, 'timestamp': 1780218032052, 'trace_id': 'TRACE_TRANSFER_MONEY'}, {'choice_id': '1', 'milestone_id': '3', 'object_name': 'm4_email_scholarship', 'route_id': 'CH1_M3_R0_BB_5', 'score_state': {'SCORE_COMMUNITY_WARNING': 50, 'SCORE_HELP_SEEKING': 65, 'SCORE_INFORMATION_VERIFICATION': 21, 'SCORE_PRESSURE_RESISTANCE': 34, 'SCORE_RISK_RECOGNITION': 28}, 'timestamp': 1780218122526, 'trace_id': 'TRACE_OPEN_UNVERIFIED_FORM'}, {'choice_id': '1', 'milestone_id': '4', 'object_name': 'm4_scholarship_form', 'route_id': 'CH1_M4_R1_BB_1', 'score_state': {'SCORE_COMMUNITY_WARNING': 50, 'SCORE_HELP_SEEKING': 65, 'SCORE_INFORMATION_VERIFICATION': 16, 'SCORE_PRESSURE_RESISTANCE': 34, 'SCORE_RISK_RECOGNITION': 25}, 'timestamp': 1780218128267, 'trace_id': 'TRACE_FILL_BASIC_INFO'}, {'choice_id': '1', 'milestone_id': '4', 'object_name': 'm4_form_bankaccount', 'route_id': 'CH1_M4_R1_BB_2', 'score_state': {'SCORE_COMMUNITY_WARNING': 50, 'SCORE_HELP_SEEKING': 65, 'SCORE_INFORMATION_VERIFICATION': 9, 'SCORE_PRESSURE_RESISTANCE': 34, 'SCORE_RISK_RECOGNITION': 21}, 'timestamp': 1780218131989, 'trace_id': 'TRACE_FILL_SENSITIVE_INFO'}, {'choice_id': '1', 'milestone_id': '4', 'object_name': 'm4_form_banklogin', 'route_id': 'CH1_M4_R1_BB_4', 'score_state': {'SCORE_COMMUNITY_WARNING': 50, 'SCORE_HELP_SEEKING': 65, 'SCORE_INFORMATION_VERIFICATION': 0, 'SCORE_PRESSURE_RESISTANCE': 30, 'SCORE_RISK_RECOGNITION': 15}, 'timestamp': 1780218136496, 'trace_id': 'TRACE_SUBMIT_CREDENTIAL'}, {'choice_id': '1', 'milestone_id': '4', 'object_name': 'm4_otp_bankauth', 'route_id': 'CH1_M4_R1_BB_5', 'score_state': {'SCORE_COMMUNITY_WARNING': 50, 'SCORE_HELP_SEEKING': 65, 'SCORE_INFORMATION_VERIFICATION': 0, 'SCORE_PRESSURE_RESISTANCE': 24, 'SCORE_RISK_RECOGNITION': 5}, 'timestamp': 1780218140845, 'trace_id': 'TRACE_SUBMIT_AUTH_CODE'}]",,,,,,player4@gmail.com
2026-05-31 11:43:33.987,True,sjbR7vKNWOfZzrhOxDyyO257XKZ2,ccaf1b595b9f4c1ba00a9330c339e805,2026-05-31 11:27:02.331,991.656,"[{'choice_id': '1', 'milestone_id': '0', 'object_name': 'm0_email_checkin', 'route_id': 'CH1_M0_R0_BB_1', 'score_state': {'SCORE_COMMUNITY_WARNING': 50, 'SCORE_HELP_SEEKING': 50, 'SCORE_INFORMATION_VERIFICATION': 50, 'SCORE_PRESSURE_RESISTANCE': 50, 'SCORE_RISK_RECOGNITION': 50}, 'timestamp': 1780226865331, 'trace_id': 'TRACE_READ_RELEVANT_INFO'}, {'choice_id': '1', 'milestone_id': '0', 'object_name': 'm0_guard', 'route_id': 'CH1_M0_R0_BB_3', 'score_state': {'SCORE_COMMUNITY_WARNING': 50, 'SCORE_HELP_SEEKING': 50, 'SCORE_INFORMATION_VERIFICATION': 52, 'SCORE_PRESSURE_RESISTANCE': 50, 'SCORE_RISK_RECOGNITION': 50}, 'timestamp': 1780226948443, 'trace_id': 'TRACE_ASK_PERSON'}, {'choice_id': '1', 'milestone_id': '0', 'object_name': 'm0_linh_askgroup', 'route_id': 'CH1_M0_R0_BB_4', 'score_state': {'SCORE_COMMUNITY_WARNING': 50, 'SCORE_HELP_SEEKING': 55, 'SCORE_INFORMATION_VERIFICATION': 54, 'SCORE_PRESSURE_RESISTANCE': 50, 'SCORE_RISK_RECOGNITION': 50}, 'timestamp': 1780227018635, 'trace_id': 'TRACE_ASK_PERSON'}, {'choice_id': '2', 'milestone_id': '0', 'object_name': 'm1_roommate_askdoc', 'route_id': 'CH1_M0_R0_BB_13', 'score_state': {'SCORE_COMMUNITY_WARNING': 50, 'SCORE_HELP_SEEKING': 60, 'SCORE_INFORMATION_VERIFICATION': 56, 'SCORE_PRESSURE_RESISTANCE': 50, 'SCORE_RISK_RECOGNITION': 50}, 'timestamp': 1780227351885, 'trace_id': 'TRACE_ASK_PERSON'}, {'choice_id': '1', 'milestone_id': '1', 'object_name': 'm1_link_freedoc', 'route_id': 'CH1_M1_R2_BB_2', 'score_state': {'SCORE_COMMUNITY_WARNING': 50, 'SCORE_HELP_SEEKING': 65, 'SCORE_INFORMATION_VERIFICATION': 58, 'SCORE_PRESSURE_RESISTANCE': 50, 'SCORE_RISK_RECOGNITION': 50}, 'timestamp': 1780227366383, 'trace_id': 'TRACE_OPEN_UNVERIFIED_LINK'}, {'choice_id': '3', 'milestone_id': '1', 'object_name': 'm2_shipper_call', 'route_id': 'CH1_M1_R0_BB_3', 'score_state': {'SCORE_COMMUNITY_WARNING': 50, 'SCORE_HELP_SEEKING': 65, 'SCORE_INFORMATION_VERIFICATION': 54, 'SCORE_PRESSURE_RESISTANCE': 50, 'SCORE_RISK_RECOGNITION': 48}, 'timestamp': 1780227514843, 'trace_id': 'TRACE_ASK_PERSON'}, {'choice_id': '1', 'milestone_id': '2', 'object_name': 'm2_shipper_call', 'route_id': 'CH1_M2_TC_1', 'score_state': {'SCORE_COMMUNITY_WARNING': 50, 'SCORE_HELP_SEEKING': 70, 'SCORE_INFORMATION_VERIFICATION': 56, 'SCORE_PRESSURE_RESISTANCE': 50, 'SCORE_RISK_RECOGNITION': 48}, 'timestamp': 1780227541241, 'trace_id': 'TRACE_TRANSFER_MONEY'}, {'choice_id': '1', 'milestone_id': '2', 'object_name': 'm2_app_checkorder', 'route_id': 'CH1_M2_R1_BB_3', 'score_state': {'SCORE_COMMUNITY_WARNING': 50, 'SCORE_HELP_SEEKING': 70, 'SCORE_INFORMATION_VERIFICATION': 41, 'SCORE_PRESSURE_RESISTANCE': 42, 'SCORE_RISK_RECOGNITION': 41}, 'timestamp': 1780227620420, 'trace_id': 'TRACE_INSPECT_SOURCE'}, {'choice_id': '3', 'milestone_id': '2', 'object_name': 'm3_namchat_borrowmoney', 'route_id': 'CH1_M2_R0_BB_3', 'score_state': {'SCORE_COMMUNITY_WARNING': 50, 'SCORE_HELP_SEEKING': 70, 'SCORE_INFORMATION_VERIFICATION': 46, 'SCORE_PRESSURE_RESISTANCE': 42, 'SCORE_RISK_RECOGNITION': 44}, 'timestamp': 1780227664926, 'trace_id': 'TRACE_DETECT_RED_FLAG'}, {'choice_id': '2', 'milestone_id': '3', 'object_name': 'm3_namchat_roomate', 'route_id': 'CH1_M3_TC_1', 'score_state': {'SCORE_COMMUNITY_WARNING': 50, 'SCORE_HELP_SEEKING': 70, 'SCORE_INFORMATION_VERIFICATION': 49, 'SCORE_PRESSURE_RESISTANCE': 42, 'SCORE_RISK_RECOGNITION': 51}, 'timestamp': 1780227680189, 'trace_id': 'TRACE_ASK_PERSON'}, {'choice_id': '1', 'milestone_id': '3', 'object_name': 'm3_namchat_Mai', 'route_id': 'CH1_M3_R2_BB_1', 'score_state': {'SCORE_COMMUNITY_WARNING': 50, 'SCORE_HELP_SEEKING': 75, 'SCORE_INFORMATION_VERIFICATION': 51, 'SCORE_PRESSURE_RESISTANCE': 42, 'SCORE_RISK_RECOGNITION': 51}, 'timestamp': 1780227694656, 'trace_id': 'TRACE_ASK_PERSON'}, {'choice_id': '2', 'milestone_id': '3', 'object_name': 'm3_namchat_borrowmoney', 'route_id': 'CH1_M3_R2_BB_1_A', 'score_state': {'SCORE_COMMUNITY_WARNING': 50, 'SCORE_HELP_SEEKING': 80, 'SCORE_INFORMATION_VERIFICATION': 53, 'SCORE_PRESSURE_RESISTANCE': 42, 'SCORE_RISK_RECOGNITION': 51}, 'timestamp': 1780227704975, 'trace_id': 'TRACE_REFUSE_RISKY_REQUEST'}, {'choice_id': '3', 'milestone_id': '3', 'object_name': 'm4_email_scholarship_askroomate', 'route_id': 'CH1_M3_R0_BB_5', 'score_state': {'SCORE_COMMUNITY_WARNING': 50, 'SCORE_HELP_SEEKING': 80, 'SCORE_INFORMATION_VERIFICATION': 56, 'SCORE_PRESSURE_RESISTANCE': 48, 'SCORE_RISK_RECOGNITION': 56}, 'timestamp': 1780227770880, 'trace_id': 'TRACE_ASK_PERSON'}, {'choice_id': '1', 'milestone_id': '4', 'object_name': 'm4_email_scholarship', 'route_id': 'CH1_M4_R3_BB_1', 'score_state': {'SCORE_COMMUNITY_WARNING': 50, 'SCORE_HELP_SEEKING': 85, 'SCORE_INFORMATION_VERIFICATION': 58, 'SCORE_PRESSURE_RESISTANCE': 48, 'SCORE_RISK_RECOGNITION': 56}, 'timestamp': 1780227784701, 'trace_id': 'TRACE_INSPECT_SOURCE'}, {'choice_id': '2', 'milestone_id': '4', 'object_name': 'm4_email_scholarship', 'route_id': 'CH1_M4_R3_BB_2', 'score_state': {'SCORE_COMMUNITY_WARNING': 50, 'SCORE_HELP_SEEKING': 85, 'SCORE_INFORMATION_VERIFICATION': 63, 'SCORE_PRESSURE_RESISTANCE': 48, 'SCORE_RISK_RECOGNITION': 59}, 'timestamp': 1780227791719, 'trace_id': 'TRACE_REFUSE_RISKY_REQUEST'}]",,,,,,player13@gmail.com
2026-05-31 11:05:16.652,True,vroJdrAh69TH16ZpHxlCqeIplRw1,d198df74e08c43aba3fb906b67475724,2026-05-31 10:33:34.229,1902.423,"[{'choice_id': '1', 'milestone_id': '0', 'object_name': 'm0_email_checkin', 'route_id': 'CH1_M0_R0_BB_1', 'score_state': {'SCORE_COMMUNITY_WARNING': 50, 'SCORE_HELP_SEEKING': 50, 'SCORE_INFORMATION_VERIFICATION': 50, 'SCORE_PRESSURE_RESISTANCE': 50, 'SCORE_RISK_RECOGNITION': 50}, 'timestamp': 1780223648158, 'trace_id': 'TRACE_READ_RELEVANT_INFO'}, {'choice_id': '1', 'milestone_id': '0', 'object_name': 'm0_guard', 'route_id': 'CH1_M0_R0_BB_3', 'score_state': {'SCORE_COMMUNITY_WARNING': 50, 'SCORE_HELP_SEEKING': 50, 'SCORE_INFORMATION_VERIFICATION': 52, 'SCORE_PRESSURE_RESISTANCE': 50, 'SCORE_RISK_RECOGNITION': 50}, 'timestamp': 1780223906322, 'trace_id': 'TRACE_ASK_PERSON'}, {'choice_id': '1', 'milestone_id': '0', 'object_name': 'm0_linh_askgroup', 'route_id': 'CH1_M0_R0_BB_4', 'score_state': {'SCORE_COMMUNITY_WARNING': 50, 'SCORE_HELP_SEEKING': 55, 'SCORE_INFORMATION_VERIFICATION': 54, 'SCORE_PRESSURE_RESISTANCE': 50, 'SCORE_RISK_RECOGNITION': 50}, 'timestamp': 1780223974777, 'trace_id': 'TRACE_ASK_PERSON'}, {'choice_id': '2', 'milestone_id': '0', 'object_name': 'm1_roommate_askdoc', 'route_id': 'CH1_M0_R0_BB_13', 'score_state': {'SCORE_COMMUNITY_WARNING': 50, 'SCORE_HELP_SEEKING': 60, 'SCORE_INFORMATION_VERIFICATION': 56, 'SCORE_PRESSURE_RESISTANCE': 50, 'SCORE_RISK_RECOGNITION': 50}, 'timestamp': 1780224644230, 'trace_id': 'TRACE_ASK_PERSON'}, {'choice_id': '2', 'milestone_id': '1', 'object_name': 'm1_link_freedoc', 'route_id': 'CH1_M1_R2_BB_2', 'score_state': {'SCORE_COMMUNITY_WARNING': 50, 'SCORE_HELP_SEEKING': 65, 'SCORE_INFORMATION_VERIFICATION': 58, 'SCORE_PRESSURE_RESISTANCE': 50, 'SCORE_RISK_RECOGNITION': 50}, 'timestamp': 1780224656250, 'trace_id': 'TRACE_REFUSE_RISKY_REQUEST'}, {'choice_id': '3', 'milestone_id': '1', 'object_name': 'm2_shipper_call', 'route_id': 'CH1_M1_R0_BB_3', 'score_state': {'SCORE_COMMUNITY_WARNING': 50, 'SCORE_HELP_SEEKING': 65, 'SCORE_INFORMATION_VERIFICATION': 61, 'SCORE_PRESSURE_RESISTANCE': 56, 'SCORE_RISK_RECOGNITION': 55}, 'timestamp': 1780224864469, 'trace_id': 'TRACE_ASK_PERSON'}, {'choice_id': '1', 'milestone_id': '2', 'object_name': 'm2_shipper_call', 'route_id': 'CH1_M2_TC_1', 'score_state': {'SCORE_COMMUNITY_WARNING': 50, 'SCORE_HELP_SEEKING': 70, 'SCORE_INFORMATION_VERIFICATION': 63, 'SCORE_PRESSURE_RESISTANCE': 56, 'SCORE_RISK_RECOGNITION': 55}, 'timestamp': 1780224886751, 'trace_id': 'TRACE_TRANSFER_MONEY'}, {'choice_id': '1', 'milestone_id': '2', 'object_name': 'm2_app_checkorder', 'route_id': 'CH1_M2_R1_BB_3', 'score_state': {'SCORE_COMMUNITY_WARNING': 50, 'SCORE_HELP_SEEKING': 70, 'SCORE_INFORMATION_VERIFICATION': 48, 'SCORE_PRESSURE_RESISTANCE': 48, 'SCORE_RISK_RECOGNITION': 48}, 'timestamp': 1780225267300, 'trace_id': 'TRACE_INSPECT_SOURCE'}, {'choice_id': '2', 'milestone_id': '2', 'object_name': 'm3_namchat_askroomate', 'route_id': 'CH1_M2_R0_BB_3', 'score_state': {'SCORE_COMMUNITY_WARNING': 50, 'SCORE_HELP_SEEKING': 70, 'SCORE_INFORMATION_VERIFICATION': 53, 'SCORE_PRESSURE_RESISTANCE': 48, 'SCORE_RISK_RECOGNITION': 51}, 'timestamp': 1780225301163, 'trace_id': 'TRACE_ASK_PERSON'}, {'choice_id': '1', 'milestone_id': '3', 'object_name': 'm3_namchat_Mai', 'route_id': 'CH1_M3_R2_BB_1', 'score_state': {'SCORE_COMMUNITY_WARNING': 50, 'SCORE_HELP_SEEKING': 75, 'SCORE_INFORMATION_VERIFICATION': 55, 'SCORE_PRESSURE_RESISTANCE': 48, 'SCORE_RISK_RECOGNITION': 51}, 'timestamp': 1780225351525, 'trace_id': 'TRACE_ASK_PERSON'}, {'choice_id': '2', 'milestone_id': '3', 'object_name': 'm3_namchat_borrowmoney', 'route_id': 'CH1_M3_R2_BB_1_A', 'score_state': {'SCORE_COMMUNITY_WARNING': 50, 'SCORE_HELP_SEEKING': 80, 'SCORE_INFORMATION_VERIFICATION': 57, 'SCORE_PRESSURE_RESISTANCE': 48, 'SCORE_RISK_RECOGNITION': 51}, 'timestamp': 1780225358794, 'trace_id': 'TRACE_REFUSE_RISKY_REQUEST'}, {'choice_id': '2', 'milestone_id': '3', 'object_name': 'm3_classgroup', 'route_id': 'CH1_M3_R0_BB_2', 'score_state': {'SCORE_COMMUNITY_WARNING': 50, 'SCORE_HELP_SEEKING': 80, 'SCORE_INFORMATION_VERIFICATION': 60, 'SCORE_PRESSURE_RESISTANCE': 54, 'SCORE_RISK_RECOGNITION': 56}, 'timestamp': 1780225377095, 'trace_id': 'TRACE_WARN_OTHERS'}, {'choice_id': '1', 'milestone_id': '3', 'object_name': 'm4_email_scholarship', 'route_id': 'CH1_M3_R0_BB_5', 'score_state': {'SCORE_COMMUNITY_WARNING': 58, 'SCORE_HELP_SEEKING': 80, 'SCORE_INFORMATION_VERIFICATION': 60, 'SCORE_PRESSURE_RESISTANCE': 54, 'SCORE_RISK_RECOGNITION': 56}, 'timestamp': 1780225484577, 'trace_id': 'TRACE_OPEN_UNVERIFIED_FORM'}, {'choice_id': '2', 'milestone_id': '4', 'object_name': 'm4_scholarship_form', 'route_id': 'CH1_M4_R1_BB_1', 'score_state': {'SCORE_COMMUNITY_WARNING': 58, 'SCORE_HELP_SEEKING': 80, 'SCORE_INFORMATION_VERIFICATION': 55, 'SCORE_PRESSURE_RESISTANCE': 54, 'SCORE_RISK_RECOGNITION': 53}, 'timestamp': 1780225490007, 'trace_id': 'TRACE_REFUSE_RISKY_REQUEST'}, {'choice_id': '1', 'milestone_id': '4', 'object_name': 'm4_classgroup', 'route_id': 'CH1_M4_R0_BB_0', 'score_state': {'SCORE_COMMUNITY_WARNING': 58, 'SCORE_HELP_SEEKING': 80, 'SCORE_INFORMATION_VERIFICATION': 58, 'SCORE_PRESSURE_RESISTANCE': 60, 'SCORE_RISK_RECOGNITION': 58}, 'timestamp': 1780225500354, 'trace_id': 'TRACE_WARN_OTHERS'}]",,,,,,player8@gmail.com
2026-05-31 04:37:42.017,True,EOOUznHcdYM3B5Eu7H7303gt3Nl1,dd906ffef7ad4fcf8c79ee1f28cd76a3,2026-05-31 04:26:16.259,685.758,"[{'choice_id': '1', 'milestone_id': '0', 'object_name': 'm0_email_checkin', 'route_id': 'CH1_M0_R0_BB_1', 'score_state': {'SCORE_COMMUNITY_WARNING': 50, 'SCORE_HELP_SEEKING': 50, 'SCORE_INFORMATION_VERIFICATION': 50, 'SCORE_PRESSURE_RESISTANCE': 50, 'SCORE_RISK_RECOGNITION': 50}, 'timestamp': 1780201602147, 'trace_id': 'TRACE_READ_RELEVANT_INFO'}, {'choice_id': '1', 'milestone_id': '0', 'object_name': 'm0_guard', 'route_id': 'CH1_M0_R0_BB_3', 'score_state': {'SCORE_COMMUNITY_WARNING': 50, 'SCORE_HELP_SEEKING': 50, 'SCORE_INFORMATION_VERIFICATION': 52, 'SCORE_PRESSURE_RESISTANCE': 50, 'SCORE_RISK_RECOGNITION': 50}, 'timestamp': 1780201662546, 'trace_id': 'TRACE_ASK_PERSON'}, {'choice_id': '1', 'milestone_id': '0', 'object_name': 'm0_linh_askgroup', 'route_id': 'CH1_M0_R0_BB_4', 'score_state': {'SCORE_COMMUNITY_WARNING': 50, 'SCORE_HELP_SEEKING': 55, 'SCORE_INFORMATION_VERIFICATION': 54, 'SCORE_PRESSURE_RESISTANCE': 50, 'SCORE_RISK_RECOGNITION': 50}, 'timestamp': 1780201713456, 'trace_id': 'TRACE_ASK_PERSON'}, {'choice_id': '1', 'milestone_id': '0', 'object_name': 'm1_link_freedoc', 'route_id': 'CH1_M0_R0_BB_13', 'score_state': {'SCORE_COMMUNITY_WARNING': 50, 'SCORE_HELP_SEEKING': 60, 'SCORE_INFORMATION_VERIFICATION': 56, 'SCORE_PRESSURE_RESISTANCE': 50, 'SCORE_RISK_RECOGNITION': 50}, 'timestamp': 1780201974668, 'trace_id': 'TRACE_OPEN_UNVERIFIED_LINK'}, {'choice_id': '1', 'milestone_id': '1', 'object_name': 'm1_freedoc_login', 'route_id': 'CH1_M1_R1_BB_1', 'score_state': {'SCORE_COMMUNITY_WARNING': 50, 'SCORE_HELP_SEEKING': 60, 'SCORE_INFORMATION_VERIFICATION': 52, 'SCORE_PRESSURE_RESISTANCE': 50, 'SCORE_RISK_RECOGNITION': 48}, 'timestamp': 1780201988646, 'trace_id': 'TRACE_SUBMIT_CREDENTIAL'}, {'choice_id': '1', 'milestone_id': '1', 'object_name': 'm1_account_warning', 'route_id': 'CH1_M1_R1_BB_2', 'score_state': {'SCORE_COMMUNITY_WARNING': 50, 'SCORE_HELP_SEEKING': 60, 'SCORE_INFORMATION_VERIFICATION': 32, 'SCORE_PRESSURE_RESISTANCE': 44, 'SCORE_RISK_RECOGNITION': 38}, 'timestamp': 1780201997601, 'trace_id': 'TRACE_IGNORE_RED_FLAG'}, {'choice_id': '2', 'milestone_id': '1', 'object_name': 'm2_shipper_call', 'route_id': 'CH1_M1_R0_BB_3', 'score_state': {'SCORE_COMMUNITY_WARNING': 50, 'SCORE_HELP_SEEKING': 60, 'SCORE_INFORMATION_VERIFICATION': 29, 'SCORE_PRESSURE_RESISTANCE': 44, 'SCORE_RISK_RECOGNITION': 32}, 'timestamp': 1780202102092, 'trace_id': 'TRACE_DELAY_ACTION'}, {'choice_id': '2', 'milestone_id': '2', 'object_name': 'm2_shipper_call', 'route_id': 'CH1_M2_R2_BB_1', 'score_state': {'SCORE_COMMUNITY_WARNING': 50, 'SCORE_HELP_SEEKING': 60, 'SCORE_INFORMATION_VERIFICATION': 32, 'SCORE_PRESSURE_RESISTANCE': 50, 'SCORE_RISK_RECOGNITION': 32}, 'timestamp': 1780202110776, 'trace_id': 'TRACE_REFUSE_RISKY_REQUEST'}, {'choice_id': '1', 'milestone_id': '2', 'object_name': 'm2_app_checkorder', 'route_id': 'CH1_M2_R2_BB_2', 'score_state': {'SCORE_COMMUNITY_WARNING': 50, 'SCORE_HELP_SEEKING': 60, 'SCORE_INFORMATION_VERIFICATION': 35, 'SCORE_PRESSURE_RESISTANCE': 56, 'SCORE_RISK_RECOGNITION': 37}, 'timestamp': 1780202115394, 'trace_id': 'TRACE_INSPECT_SOURCE'}, {'choice_id': '3', 'milestone_id': '2', 'object_name': 'm3_namchat_borrowmoney', 'route_id': 'CH1_M2_R0_BB_3', 'score_state': {'SCORE_COMMUNITY_WARNING': 50, 'SCORE_HELP_SEEKING': 60, 'SCORE_INFORMATION_VERIFICATION': 40, 'SCORE_PRESSURE_RESISTANCE': 56, 'SCORE_RISK_RECOGNITION': 40}, 'timestamp': 1780202153773, 'trace_id': 'TRACE_DETECT_RED_FLAG'}, {'choice_id': '3', 'milestone_id': '3', 'object_name': 'm3_namchat_borrowmoney', 'route_id': 'CH1_M3_TC_1', 'score_state': {'SCORE_COMMUNITY_WARNING': 50, 'SCORE_HELP_SEEKING': 60, 'SCORE_INFORMATION_VERIFICATION': 43, 'SCORE_PRESSURE_RESISTANCE': 56, 'SCORE_RISK_RECOGNITION': 47}, 'timestamp': 1780202163631, 'trace_id': 'TRACE_REFUSE_RISKY_REQUEST'}, {'choice_id': '1', 'milestone_id': '3', 'object_name': 'm3_namchat_Mai', 'route_id': 'CH1_M3_TC_2', 'score_state': {'SCORE_COMMUNITY_WARNING': 50, 'SCORE_HELP_SEEKING': 60, 'SCORE_INFORMATION_VERIFICATION': 46, 'SCORE_PRESSURE_RESISTANCE': 62, 'SCORE_RISK_RECOGNITION': 52}, 'timestamp': 1780202166740, 'trace_id': 'TRACE_ASK_PERSON'}, {'choice_id': '2', 'milestone_id': '3', 'object_name': 'm3_classgroup', 'route_id': 'CH1_M3_R0_BB_2', 'score_state': {'SCORE_COMMUNITY_WARNING': 50, 'SCORE_HELP_SEEKING': 65, 'SCORE_INFORMATION_VERIFICATION': 48, 'SCORE_PRESSURE_RESISTANCE': 62, 'SCORE_RISK_RECOGNITION': 52}, 'timestamp': 1780202186717, 'trace_id': 'TRACE_WARN_OTHERS'}, {'choice_id': '3', 'milestone_id': '3', 'object_name': 'm4_email_scholarship_askroomate', 'route_id': 'CH1_M3_R0_BB_5', 'score_state': {'SCORE_COMMUNITY_WARNING': 58, 'SCORE_HELP_SEEKING': 65, 'SCORE_INFORMATION_VERIFICATION': 48, 'SCORE_PRESSURE_RESISTANCE': 62, 'SCORE_RISK_RECOGNITION': 52}, 'timestamp': 1780202216357, 'trace_id': 'TRACE_ASK_PERSON'}, {'choice_id': '1', 'milestone_id': '4', 'object_name': 'm4_email_scholarship', 'route_id': 'CH1_M4_R3_BB_1', 'score_state': {'SCORE_COMMUNITY_WARNING': 58, 'SCORE_HELP_SEEKING': 70, 'SCORE_INFORMATION_VERIFICATION': 50, 'SCORE_PRESSURE_RESISTANCE': 62, 'SCORE_RISK_RECOGNITION': 52}, 'timestamp': 1780202231511, 'trace_id': 'TRACE_INSPECT_SOURCE'}, {'choice_id': '2', 'milestone_id': '4', 'object_name': 'm4_email_scholarship', 'route_id': 'CH1_M4_R3_BB_2', 'score_state': {'SCORE_COMMUNITY_WARNING': 58, 'SCORE_HELP_SEEKING': 70, 'SCORE_INFORMATION_VERIFICATION': 55, 'SCORE_PRESSURE_RESISTANCE': 62, 'SCORE_RISK_RECOGNITION': 55}, 'timestamp': 1780202240433, 'trace_id': 'TRACE_REFUSE_RISKY_REQUEST'}, {'choice_id': '1', 'milestone_id': '4', 'object_name': 'm4_classgroup', 'route_id': 'CH1_M4_R0_BB_0', 'score_state': {'SCORE_COMMUNITY_WARNING': 58, 'SCORE_HELP_SEEKING': 70, 'SCORE_INFORMATION_VERIFICATION': 58, 'SCORE_PRESSURE_RESISTANCE': 68, 'SCORE_RISK_RECOGNITION': 60}, 'timestamp': 1780202245149, 'trace_id': 'TRACE_WARN_OTHERS'}]",,,,,,player5@gmail.com
2026-05-31 10:15:14.544,False,dhiHXvJmYgaNYeeE3QVoo77dMwf1,e2eb0f5c312a4f98ae0cba4eb4c00267,2026-05-31 10:15:08.307,6.237,,,,,,,player6@gmail.com
2026-05-31 10:11:51.509,True,dhiHXvJmYgaNYeeE3QVoo77dMwf1,f46d68b88dee44a68cd9781569156c90,2026-05-31 09:49:00.451,1371.058,"[{'choice_id': '1', 'milestone_id': '0', 'object_name': 'm0_email_checkin', 'route_id': 'CH1_M0_R0_BB_1', 'score_state': {'SCORE_COMMUNITY_WARNING': 50, 'SCORE_HELP_SEEKING': 50, 'SCORE_INFORMATION_VERIFICATION': 50, 'SCORE_PRESSURE_RESISTANCE': 50, 'SCORE_RISK_RECOGNITION': 50}, 'timestamp': 1780221000533, 'trace_id': 'TRACE_READ_RELEVANT_INFO'}, {'choice_id': '1', 'milestone_id': '0', 'object_name': 'm0_guard', 'route_id': 'CH1_M0_R0_BB_3', 'score_state': {'SCORE_COMMUNITY_WARNING': 50, 'SCORE_HELP_SEEKING': 50, 'SCORE_INFORMATION_VERIFICATION': 52, 'SCORE_PRESSURE_RESISTANCE': 50, 'SCORE_RISK_RECOGNITION': 50}, 'timestamp': 1780221032247, 'trace_id': 'TRACE_ASK_PERSON'}, {'choice_id': '1', 'milestone_id': '0', 'object_name': 'm0_linh_askgroup', 'route_id': 'CH1_M0_R0_BB_4', 'score_state': {'SCORE_COMMUNITY_WARNING': 50, 'SCORE_HELP_SEEKING': 55, 'SCORE_INFORMATION_VERIFICATION': 54, 'SCORE_PRESSURE_RESISTANCE': 50, 'SCORE_RISK_RECOGNITION': 50}, 'timestamp': 1780221070480, 'trace_id': 'TRACE_ASK_PERSON'}, {'choice_id': '2', 'milestone_id': '0', 'object_name': 'm1_roommate_askdoc', 'route_id': 'CH1_M0_R0_BB_13', 'score_state': {'SCORE_COMMUNITY_WARNING': 50, 'SCORE_HELP_SEEKING': 60, 'SCORE_INFORMATION_VERIFICATION': 56, 'SCORE_PRESSURE_RESISTANCE': 50, 'SCORE_RISK_RECOGNITION': 50}, 'timestamp': 1780221383840, 'trace_id': 'TRACE_ASK_PERSON'}, {'choice_id': '2', 'milestone_id': '1', 'object_name': 'm1_link_freedoc', 'route_id': 'CH1_M1_R2_BB_2', 'score_state': {'SCORE_COMMUNITY_WARNING': 50, 'SCORE_HELP_SEEKING': 65, 'SCORE_INFORMATION_VERIFICATION': 58, 'SCORE_PRESSURE_RESISTANCE': 50, 'SCORE_RISK_RECOGNITION': 50}, 'timestamp': 1780221408651, 'trace_id': 'TRACE_REFUSE_RISKY_REQUEST'}, {'choice_id': '2', 'milestone_id': '1', 'object_name': 'm2_shipper_call', 'route_id': 'CH1_M1_R0_BB_3', 'score_state': {'SCORE_COMMUNITY_WARNING': 50, 'SCORE_HELP_SEEKING': 65, 'SCORE_INFORMATION_VERIFICATION': 61, 'SCORE_PRESSURE_RESISTANCE': 56, 'SCORE_RISK_RECOGNITION': 55}, 'timestamp': 1780221540732, 'trace_id': 'TRACE_DELAY_ACTION'}, {'choice_id': '2', 'milestone_id': '2', 'object_name': 'm2_shipper_call', 'route_id': 'CH1_M2_R2_BB_1', 'score_state': {'SCORE_COMMUNITY_WARNING': 50, 'SCORE_HELP_SEEKING': 65, 'SCORE_INFORMATION_VERIFICATION': 64, 'SCORE_PRESSURE_RESISTANCE': 62, 'SCORE_RISK_RECOGNITION': 55}, 'timestamp': 1780221558485, 'trace_id': 'TRACE_REFUSE_RISKY_REQUEST'}, {'choice_id': '1', 'milestone_id': '2', 'object_name': 'm2_app_checkorder', 'route_id': 'CH1_M2_R2_BB_2', 'score_state': {'SCORE_COMMUNITY_WARNING': 50, 'SCORE_HELP_SEEKING': 65, 'SCORE_INFORMATION_VERIFICATION': 67, 'SCORE_PRESSURE_RESISTANCE': 68, 'SCORE_RISK_RECOGNITION': 60}, 'timestamp': 1780221563792, 'trace_id': 'TRACE_INSPECT_SOURCE'}, {'choice_id': '3', 'milestone_id': '2', 'object_name': 'm3_namchat_borrowmoney', 'route_id': 'CH1_M2_R0_BB_3', 'score_state': {'SCORE_COMMUNITY_WARNING': 50, 'SCORE_HELP_SEEKING': 65, 'SCORE_INFORMATION_VERIFICATION': 72, 'SCORE_PRESSURE_RESISTANCE': 68, 'SCORE_RISK_RECOGNITION': 63}, 'timestamp': 1780221632666, 'trace_id': 'TRACE_DETECT_RED_FLAG'}, {'choice_id': '2', 'milestone_id': '3', 'object_name': 'm3_namchat_roomate', 'route_id': 'CH1_M3_TC_1', 'score_state': {'SCORE_COMMUNITY_WARNING': 50, 'SCORE_HELP_SEEKING': 65, 'SCORE_INFORMATION_VERIFICATION': 75, 'SCORE_PRESSURE_RESISTANCE': 68, 'SCORE_RISK_RECOGNITION': 70}, 'timestamp': 1780221641388, 'trace_id': 'TRACE_ASK_PERSON'}, {'choice_id': '1', 'milestone_id': '3', 'object_name': 'm3_namchat_Mai', 'route_id': 'CH1_M3_R2_BB_1', 'score_state': {'SCORE_COMMUNITY_WARNING': 50, 'SCORE_HELP_SEEKING': 70, 'SCORE_INFORMATION_VERIFICATION': 77, 'SCORE_PRESSURE_RESISTANCE': 68, 'SCORE_RISK_RECOGNITION': 70}, 'timestamp': 1780221651195, 'trace_id': 'TRACE_ASK_PERSON'}, {'choice_id': '2', 'milestone_id': '3', 'object_name': 'm3_namchat_borrowmoney', 'route_id': 'CH1_M3_R2_BB_1_A', 'score_state': {'SCORE_COMMUNITY_WARNING': 50, 'SCORE_HELP_SEEKING': 75, 'SCORE_INFORMATION_VERIFICATION': 79, 'SCORE_PRESSURE_RESISTANCE': 68, 'SCORE_RISK_RECOGNITION': 70}, 'timestamp': 1780222169669, 'trace_id': 'TRACE_REFUSE_RISKY_REQUEST'}, {'choice_id': '2', 'milestone_id': '3', 'object_name': 'm3_classgroup', 'route_id': 'CH1_M3_R0_BB_2', 'score_state': {'SCORE_COMMUNITY_WARNING': 50, 'SCORE_HELP_SEEKING': 75, 'SCORE_INFORMATION_VERIFICATION': 82, 'SCORE_PRESSURE_RESISTANCE': 74, 'SCORE_RISK_RECOGNITION': 75}, 'timestamp': 1780222184211, 'trace_id': 'TRACE_WARN_OTHERS'}, {'choice_id': '3', 'milestone_id': '3', 'object_name': 'm4_email_scholarship_askroomate', 'route_id': 'CH1_M3_R0_BB_5', 'score_state': {'SCORE_COMMUNITY_WARNING': 58, 'SCORE_HELP_SEEKING': 75, 'SCORE_INFORMATION_VERIFICATION': 82, 'SCORE_PRESSURE_RESISTANCE': 74, 'SCORE_RISK_RECOGNITION': 75}, 'timestamp': 1780222205757, 'trace_id': 'TRACE_ASK_PERSON'}, {'choice_id': '1', 'milestone_id': '4', 'object_name': 'm4_email_scholarship', 'route_id': 'CH1_M4_R3_BB_1', 'score_state': {'SCORE_COMMUNITY_WARNING': 58, 'SCORE_HELP_SEEKING': 80, 'SCORE_INFORMATION_VERIFICATION': 84, 'SCORE_PRESSURE_RESISTANCE': 74, 'SCORE_RISK_RECOGNITION': 75}, 'timestamp': 1780222214795, 'trace_id': 'TRACE_INSPECT_SOURCE'}, {'choice_id': '1', 'milestone_id': '4', 'object_name': 'm4_email_scholarship', 'route_id': 'CH1_M4_R3_BB_2', 'score_state': {'SCORE_COMMUNITY_WARNING': 58, 'SCORE_HELP_SEEKING': 80, 'SCORE_INFORMATION_VERIFICATION': 89, 'SCORE_PRESSURE_RESISTANCE': 74, 'SCORE_RISK_RECOGNITION': 78}, 'timestamp': 1780222228268, 'trace_id': 'TRACE_OPEN_UNVERIFIED_FORM'}, {'choice_id': '1', 'milestone_id': '4', 'object_name': 'm4_scholarship_form', 'route_id': 'CH1_M4_R1_BB_1', 'score_state': {'SCORE_COMMUNITY_WARNING': 58, 'SCORE_HELP_SEEKING': 80, 'SCORE_INFORMATION_VERIFICATION': 84, 'SCORE_PRESSURE_RESISTANCE': 74, 'SCORE_RISK_RECOGNITION': 75}, 'timestamp': 1780222251811, 'trace_id': 'TRACE_FILL_BASIC_INFO'}, {'choice_id': '1', 'milestone_id': '4', 'object_name': 'm4_form_bankaccount', 'route_id': 'CH1_M4_R1_BB_2', 'score_state': {'SCORE_COMMUNITY_WARNING': 58, 'SCORE_HELP_SEEKING': 80, 'SCORE_INFORMATION_VERIFICATION': 77, 'SCORE_PRESSURE_RESISTANCE': 74, 'SCORE_RISK_RECOGNITION': 71}, 'timestamp': 1780222260307, 'trace_id': 'TRACE_FILL_SENSITIVE_INFO'}, {'choice_id': '2', 'milestone_id': '4', 'object_name': 'm4_form_banklogin', 'route_id': 'CH1_M4_R1_BB_4', 'score_state': {'SCORE_COMMUNITY_WARNING': 58, 'SCORE_HELP_SEEKING': 80, 'SCORE_INFORMATION_VERIFICATION': 65, 'SCORE_PRESSURE_RESISTANCE': 70, 'SCORE_RISK_RECOGNITION': 65}, 'timestamp': 1780222280409, 'trace_id': 'TRACE_REFUSE_RISKY_REQUEST'}, {'choice_id': '1', 'milestone_id': '4', 'object_name': 'm4_classgroup', 'route_id': 'CH1_M4_R0_BB_0', 'score_state': {'SCORE_COMMUNITY_WARNING': 58, 'SCORE_HELP_SEEKING': 80, 'SCORE_INFORMATION_VERIFICATION': 68, 'SCORE_PRESSURE_RESISTANCE': 76, 'SCORE_RISK_RECOGNITION': 70}, 'timestamp': 1780222285311, 'trace_id': 'TRACE_WARN_OTHERS'}]",,,,,,player6@gmail.com
,,,,,,,66.0,80.0,68.0,76.0,70.0,
,,,,,,,66.0,80.0,85.0,74.0,76.0,
,,,,,,,66.0,65.0,2.0,30.0,26.0,
,,,,,,,50.0,50.0,50.0,50.0,50.0,
,,,,,,,66.0,85.0,73.0,66.0,64.0,
,,,,,,,66.0,70.0,67.0,60.0,71.0,
,,,,,,,50.0,50.0,52.0,50.0,50.0,
,,,,,,,66.0,80.0,41.0,48.0,47.0,
,,,,,,,50.0,85.0,66.0,54.0,64.0,
,,,,,,,66.0,80.0,58.0,60.0,58.0,
,,,,,,,66.0,70.0,58.0,68.0,60.0,
,,,,,,,50.0,50.0,50.0,50.0,50.0,
